penalty_year,law_name,law_article,count
2019,건설근로자의고용개선등에관한법률,건설근로자의고용개선등에관한법률,3
2019,건설근로자의고용개선등에관한법률,건설근로자의고용개선등에관한법률제10조의4,1
2019,건설근로자의고용개선등에관한법률,건설근로자의고용개선등에관한법률제10조의4제1항,4
2019,건설근로자의고용개선등에관한법률,건설근로자의고용개선등에관한법률제13조,79
2019,건설근로자의고용개선등에관한법률,건설근로자의고용개선등에관한법률제13조제1항,881
2019,건설근로자의고용개선등에관한법률,건설근로자의고용개선등에관한법률제13조제3항,1
2019,건설근로자의고용개선등에관한법률,건설근로자의고용개선등에관한법률제26조,5
2019,건설근로자의고용개선등에관한법률,건설근로자의고용개선등에관한법률제26조제3항,1
2019,고용보험법,고용보험법,14
2019,고용보험법,고용보험법15조,79711
2019,고용보험법,고용보험법15조및16조,193
2019,고용보험법,고용보험법16조,201
2019,고용보험법,고용보험법제108조제1항,2
2019,고용보험법,고용보험법제108조제3항,1
2019,고용보험법,고용보험법제118조,1
2019,고용보험법,고용보험법제118조4호,1
2019,고용보험법,고용보험법제118조제1항4호,2
2019,고용보험법,고용보험법제118조제2항1호,1
2019,고용보험법,고용보험법제15조,11
2019,고용보험법,고용보험법제16조제16조,1
2019,고용보험법,고용보험법제5조,1
2019,공인노무사법,공인노무사법,1
2019,공인노무사법,공인노무사법제12조의4,9
2019,공인노무사법,공인노무사법제17조제1항,10
2019,공인노무사법,공인노무사법제5조의2제2항,3
2019,근로기준법,근로기준법제102조제1항,6
2019,근로기준법,근로기준법제13조,62
2019,근로기준법,근로기준법제14조,2
2019,근로기준법,근로기준법제14조제1항,22
2019,근로기준법,근로기준법제17조제1항,2
2019,근로기준법,근로기준법제39조제1항,6
2019,근로기준법,근로기준법제41조,4
2019,근로기준법,근로기준법제41조제1항,13
2019,근로기준법,근로기준법제42조,123
2019,근로기준법,근로기준법제48조,61
2019,근로기준법,근로기준법제66조,22
2019,근로기준법,근로기준법제91조,1
2019,근로기준법,근로기준법제93조,82
2019,근로복지기본법,근로복지기본법제43조제1항,1
2019,근로자직업능력개발법,근로자직업능력개발법,2
2019,근로자직업능력개발법,근로자직업능력개발법제23조의2및제63조제1항제2호,1
2019,근로자직업능력개발법,근로자직업능력개발법제23조의2제1항,1
2019,근로자직업능력개발법,근로자직업능력개발법제28조의3,3
2019,근로자직업능력개발법,근로자직업능력개발법제58조,2
2019,근로자직업능력개발법,근로자직업능력개발법제63조제1항5호,1
2019,근로자직업능력개발법,근로자직업능력개발법제63조제1항6호,2
2019,근로자직업능력개발법,근로자직업능력개발법제63조제1항6호및동법시행령제53조,1
2019,근로자직업능력개발법,근로자직업능력개발법제63조제1항제6호,1
2019,근로자직업능력개발법,근로자직업능력개발법제63조제1항제7호,1
2019,근로자참여및협력증진에관한법률,근로자참여및협력증진에관한법률제18조제1항,8
2019,근로자퇴직급여보장법,근로자퇴직급여보장법제32조제2항,1
2019,기간제및단시간근로자보호에관한법,기간제및단시간근로자보호등에관한법률제17조,1122
2019,기간제및단시간근로자보호에관한법,기간제및단시간근로자의보호등에관한법률제17조,1
2019,남녀고용평등법,남녀고용평등과일ㆍ가정양립지원에관한법률,1
2019,남녀고용평등법,남녀고용평등과일ㆍ가정양립지원에관한법률률제33조,3
2019,남녀고용평등법,남녀고용평등과일ㆍ가정양립지원에관한법률제12조,51
2019,남녀고용평등법,남녀고용평등과일ㆍ가정양립지원에관한법률제13조,3
2019,남녀고용평등법,남녀고용평등과일ㆍ가정양립지원에관한법률제13조제1항,148
2019,남녀고용평등법,남녀고용평등과일ㆍ가정양립지원에관한법률제13조제2항,4
2019,남녀고용평등법,남녀고용평등과일ㆍ가정양립지원에관한법률제13조제3항,7
2019,남녀고용평등법,남녀고용평등과일ㆍ가정양립지원에관한법률제14조의2제1항,2
2019,남녀고용평등법,남녀고용평등과일ㆍ가정양립지원에관한법률제14조제1항,1
2019,남녀고용평등법,남녀고용평등과일ㆍ가정양립지원에관한법률제14조제2항,5
2019,남녀고용평등법,남녀고용평등과일ㆍ가정양립지원에관한법률제14조제5항,8
2019,남녀고용평등법,남녀고용평등과일ㆍ가정양립지원에관한법률제14조제7항,1
2019,남녀고용평등법,남녀고용평등과일ㆍ가정양립지원에관한법률제18조의2제1항,1
2019,남녀고용평등법,남녀고용평등과일ㆍ가정양립지원에관한법률제19조의2제1항,1
2019,남녀고용평등법,남녀고용평등과일가정양립지원에관한법률제12조,2
2019,남녀고용평등법,남녀고용평등과일가정양립지원에관한법률제13조제1항,2
2019,남녀고용평등법,남녀고용평등과일가정양립지원에관한법률제14조제1항,2
2019,남녀고용평등법,남녀고용평등법제13조제1항,2
2019,노동조합및노동관계조정법,노동조합및노동관계조정법제27조,1
2019,노동조합및노동관계조정법,노동조합및노동관계조정법제31조제2항,1
2019,사회적기업육성법,사회적기업육성법제17조의1,1
2019,사회적기업육성법,사회적기업육성법제19조,3
2019,산업안전보건법,산업안전보건기준에관한규칙제234조,1
2019,산업안전보건법,산업안전보건기준에관한규칙제301조제3항,1
2019,산업안전보건법,산업안전보건기준에관한규칙제302조제1항,1
2019,산업안전보건법,산업안전보건기준에관한규칙제30조,1
2019,산업안전보건법,산업안전보건기준에관한규칙제31조제1항,1
2019,산업안전보건법,산업안전보건기준에관한규칙제32조제1항,12
2019,산업안전보건법,산업안전보건기준에관한규칙제32조제2항,44
2019,산업안전보건법,산업안전보건기준에관한규칙제339조,1
2019,산업안전보건법,산업안전보건기준에관한규칙제35조제1항,3
2019,산업안전보건법,산업안전보건기준에관한규칙제35조제2항,4
2019,산업안전보건법,산업안전보건기준에관한규칙제38조제2항,1
2019,산업안전보건법,산업안전보건기준에관한규칙제439조,6
2019,산업안전보건법,산업안전보건기준에관한규칙제440조,1
2019,산업안전보건법,산업안전보건기준에관한규칙제446조제1항,1
2019,산업안전보건법,산업안전보건기준에관한규칙제447조제1항,1
2019,산업안전보건법,산업안전보건기준에관한규칙제490조,3
2019,산업안전보건법,산업안전보건기준에관한규칙제493조제1항,1
2019,산업안전보건법,산업안전보건기준에관한규칙제587조제3항,14
2019,산업안전보건법,산업안전보건기준에관한규칙제622조제1항,8
2019,산업안전보건법,산업안전보건법,2
2019,산업안전보건법,산업안전보건법제10조,33
2019,산업안전보건법,산업안전보건법제10조의2,12
2019,산업안전보건법,산업안전보건법제10조제1항,10
2019,산업안전보건법,산업안전보건법제10조제2항,902
2019,산업안전보건법,산업안전보건법제11조,32
2019,산업안전보건법,산업안전보건법제11조제1항,187
2019,산업안전보건법,산업안전보건법제11조제2항,3
2019,산업안전보건법,산업안전보건법제12조,658
2019,산업안전보건법,산업안전보건법제13조,23
2019,산업안전보건법,산업안전보건법제13조제1항,313
2019,산업안전보건법,산업안전보건법제14조,26
2019,산업안전보건법,산업안전보건법제14조1항,1
2019,산업안전보건법,산업안전보건법제14조제1항,599
2019,산업안전보건법,산업안전보건법제15조,22
2019,산업안전보건법,산업안전보건법제15조의2제1항,1
2019,산업안전보건법,산업안전보건법제15조의3제1항,1
2019,산업안전보건법,산업안전보건법제15조제1항,335
2019,산업안전보건법,산업안전보건법제15조제2항,1
2019,산업안전보건법,산업안전보건법제16조,18
2019,산업안전보건법,산업안전보건법제16조의3,3
2019,산업안전보건법,산업안전보건법제16조의3제1항,17
2019,산업안전보건법,산업안전보건법제16조제1항,171
2019,산업안전보건법,산업안전보건법제16조제3항,3
2019,산업안전보건법,산업안전보건법제18조,1
2019,산업안전보건법,산업안전보건법제18조의2제1항,3
2019,산업안전보건법,산업안전보건법제18조제1항,35
2019,산업안전보건법,산업안전보건법제19조,15
2019,산업안전보건법,산업안전보건법제19조제1항,280
2019,산업안전보건법,산업안전보건법제19조제2항,4
2019,산업안전보건법,산업안전보건법제19조제3항,8
2019,산업안전보건법,산업안전보건법제19조제5항,31
2019,산업안전보건법,산업안전보건법제20조,16
2019,산업안전보건법,산업안전보건법제20조제1항,166
2019,산업안전보건법,산업안전보건법제21조,193
2019,산업안전보건법,산업안전보건법제21조제1항,16
2019,산업안전보건법,산업안전보건법제23조,2
2019,산업안전보건법,산업안전보건법제23조제3항(산업안전보건기준에관한규칙제32조제2항),7
2019,산업안전보건법,산업안전보건법제25조,795
2019,산업안전보건법,산업안전보건법제26조의2제2항,2
2019,산업안전보건법,산업안전보건법제29조,3
2019,산업안전보건법,산업안전보건법제29조의2,5
2019,산업안전보건법,산업안전보건법제29조의2제1항,21
2019,산업안전보건법,산업안전보건법제29조의2제4항,9
2019,산업안전보건법,산업안전보건법제29조의2제7항,12
2019,산업안전보건법,산업안전보건법제29조제6항,28
2019,산업안전보건법,산업안전보건법제29조제7항,10
2019,산업안전보건법,산업안전보건법제29조제9항,7
2019,산업안전보건법,산업안전보건법제30조,9
2019,산업안전보건법,산업안전보건법제30조의2,8
2019,산업안전보건법,산업안전보건법제30조의2제1항,80
2019,산업안전보건법,산업안전보건법제30조의2제3항,5
2019,산업안전보건법,산업안전보건법제30조제1항,216
2019,산업안전보건법,산업안전보건법제30조제2항,5
2019,산업안전보건법,산업안전보건법제30조제3항,1381
2019,산업안전보건법,산업안전보건법제30조제4항,11
2019,산업안전보건법,산업안전보건법제31조,62
2019,산업안전보건법,산업안전보건법제31조의2,28
2019,산업안전보건법,산업안전보건법제31조의2제1항,252
2019,산업안전보건법,산업안전보건법제31조제1항,1332
2019,산업안전보건법,산업안전보건법제31조제2항,654
2019,산업안전보건법,산업안전보건법제31조제3항,2751
2019,산업안전보건법,산업안전보건법제31조제4항,1
2019,산업안전보건법,산업안전보건법제32조,9
2019,산업안전보건법,산업안전보건법제32조제1항,281
2019,산업안전보건법,산업안전보건법제32조제2항,2
2019,산업안전보건법,산업안전보건법제32조제3항,1
2019,산업안전보건법,산업안전보건법제34조의2제1항,17
2019,산업안전보건법,산업안전보건법제34조제1항,1
2019,산업안전보건법,산업안전보건법제34조제4항,1
2019,산업안전보건법,산업안전보건법제35조의2제1항,5
2019,산업안전보건법,산업안전보건법제36조,8
2019,산업안전보건법,산업안전보건법제36조제1항,579
2019,산업안전보건법,산업안전보건법제36조제3항,116
2019,산업안전보건법,산업안전보건법제36조제4항,298
2019,산업안전보건법,산업안전보건법제38조의2,16
2019,산업안전보건법,산업안전보건법제38조의2제1항,48
2019,산업안전보건법,산업안전보건법제38조의2제2항,97
2019,산업안전보건법,산업안전보건법제38조의2제4항,2
2019,산업안전보건법,산업안전보건법제38조의4제3항,41
2019,산업안전보건법,산업안전보건법제38조의5,1
2019,산업안전보건법,산업안전보건법제38조의5제1항,9
2019,산업안전보건법,산업안전보건법제39조의2,1
2019,산업안전보건법,산업안전보건법제39조의2제1항,15
2019,산업안전보건법,산업안전보건법제41조,20
2019,산업안전보건법,산업안전보건법제41조제1항,63
2019,산업안전보건법,산업안전보건법제41조제2항,1
2019,산업안전보건법,산업안전보건법제41조제3항,1531
2019,산업안전보건법,산업안전보건법제41조제4항,104
2019,산업안전보건법,산업안전보건법제41조제5항,1043
2019,산업안전보건법,산업안전보건법제41조제6항,3
2019,산업안전보건법,산업안전보건법제41조제7항,1533
2019,산업안전보건법,산업안전보건법제42조,15
2019,산업안전보건법,산업안전보건법제42조제10항,1
2019,산업안전보건법,산업안전보건법제42조제1항,559
2019,산업안전보건법,산업안전보건법제42조제2항,2
2019,산업안전보건법,산업안전보건법제42조제3항,13
2019,산업안전보건법,산업안전보건법제43조,51
2019,산업안전보건법,산업안전보건법제43조의2제1항,1
2019,산업안전보건법,산업안전보건법제43조제1항,3039
2019,산업안전보건법,산업안전보건법제43조제2항,2
2019,산업안전보건법,산업안전보건법제43조제3항,142
2019,산업안전보건법,산업안전보건법제48조,5
2019,산업안전보건법,산업안전보건법제48조제1항,118
2019,산업안전보건법,산업안전보건법제48조제2항,65
2019,산업안전보건법,산업안전보건법제48조제3항,40
2019,산업안전보건법,산업안전보건법제48조제4항,1
2019,산업안전보건법,산업안전보건법제48조제5항,3
2019,산업안전보건법,산업안전보건법제49조의2,20
2019,산업안전보건법,산업안전보건법제49조의2제1항,19
2019,산업안전보건법,산업안전보건법제49조의2제6항,3
2019,산업안전보건법,산업안전보건법제49조의2제7항,2514
2019,산업안전보건법,산업안전보건법제49조의2제8항,18
2019,산업안전보건법,산업안전보건법제50조제4항,1
2019,산업안전보건법,산업안전보건법제51조제1항,9
2019,산업안전보건법,산업안전보건법제51조제2항,3
2019,산업안전보건법,산업안전보건법제51조제6항,2
2019,산업안전보건법,산업안전보건법제51조제8항,6
2019,산업안전보건법,산업안전보건법제5조,8
2019,산업안전보건법,산업안전보건법제64조,2
2019,산업안전보건법,산업안전보건법제64조제1항,86
2019,산업안전보건법,산업안전보건법제64조제2항,1
2019,산업안전보건법,산업안전보건법제64조제6항,10
2019,산업안전보건법,산업안전보건법제6조,8
2019,산업재해보상보험법,산업재해보상보험법제125조제3항,1
2019,외국인고용법,외국인고용법[32조1항3호]특례고용가능확인서없이특례외국인고용(사),515
2019,외국인고용법,외국인고용법[32조1항4호]구직자명부에없는특례외국인채용(사),11
2019,외국인고용법,외국인고용법[32조1항4호]근로개시신고불이행이나거짓신고(사),33
2019,외국인고용법,외국인고용법[32조1항5호]출국만기보험료3회이상연체(사),134
2019,외국인고용법,외국인고용법[32조1항7호]고용변동신고불이행이나거짓신고(사),127
2019,외국인고용법,외국인고용법[32조1항8호]고용제한이되었으나특례외국인고용(사),566
2019,외국인고용법,"외국인고용법[32조1항9호]관련서류미제출및거짓제출(사,근,단)",4
2019,외국인고용법,"외국인고용법[32조1항9호]미보고및거짓보고(사,근,단)",5
2019,외국인고용법,외국인고용법제32조3호제32조제1항3호,8
2019,외국인고용법,외국인고용법제32조제1항3호,1
2019,외국인고용법,외국인근로자고용등에관한법률,3
2019,외국인고용법,외국인근로자고용등에관한법률제20조제1항1호,14
2019,외국인고용법,외국인근로자고용등에관한법률제32조제1항3호,1
2019,외국인고용법,외국인근로자의고용등에관한법령제32조제1항제3호및제8호,2
2019,장애인고용촉진및직업재활법,장애인고용촉진및직업재활법제33조제5항,1
2019,직업안정법,직업안정법제30조제1항,4
2019,직업안정법,직업안정법제30조조제1항,1
2019,직업안정법,직업안정법제35조,1
2019,채용절차의공정화에관한법률,채용절차의공정화에관한법률제11조,6
2019,채용절차의공정화에관한법률,채용절차의공정화에관한법률제11조의6,6
2019,채용절차의공정화에관한법률,채용절차의공정화에관한법률제11조제6항,25
2019,채용절차의공정화에관한법률,채용절차의공정화에관한법률제4조의3,28
2019,채용절차의공정화에관한법률,채용절차의공정화에관한법률제4조의3제3호,1
2019,채용절차의공정화에관한법률,채용절차의공정화에관한법률제4조제2항,3
2019,채용절차의공정화에관한법률,채용절차의공정화에관한법률제4조제3항,4
2019,최저임금법,최저임금법제11조,12
2019,파견근로자보호법,파견근로자보호등에관한법률제18조,2
2019,파견근로자보호법,파견근로자보호등에관한법률제26조제1항,1
2019,파견근로자보호법,파견근로자보호등에관한법률제6조의2제1항,1
2020,건설근로자의고용개선등에관한법률,건설근로자의고용개선등에관한법률,37
2020,건설근로자의고용개선등에관한법률,건설근로자의고용개선등에관한법률제10조의4제1항,13
2020,건설근로자의고용개선등에관한법률,건설근로자의고용개선등에관한법률제10조제1항,1
2020,건설근로자의고용개선등에관한법률,건설근로자의고용개선등에관한법률제13조,138
2020,건설근로자의고용개선등에관한법률,건설근로자의고용개선등에관한법률제13조제1항,1420
2020,고용보험및산업재해보상보험의보험료징수등에관한법률,고용보험및산업재해보상보험의보험료징수등에관한법률제16조의10제2항,1
2020,고용보험법,고용보험법,3
2020,고용보험법,고용보험법15조,52971
2020,고용보험법,고용보험법15조및16조,109
2020,고용보험법,고용보험법16조,145
2020,고용보험법,고용보험법제108조,2
2020,고용보험법,고용보험법제108조제1항,3
2020,고용보험법,고용보험법제108조제1항4호,1
2020,고용보험법,고용보험법제108조제3항,2
2020,고용보험법,고용보험법제109조제1항,1
2020,고용보험법,고용보험법제118조제1항4호,1
2020,고용보험법,고용보험법제118조제2항1호,1
2020,고용보험법,고용보험법제15조,8
2020,고용정책기본법,고용정책기본법,1
2020,공인노무사법,공인노무사법,1
2020,공인노무사법,공인노무사법제5조의2제2항,4
2020,근로기준법,근로기준법제102조,1
2020,근로기준법,근로기준법제102조제1항,4
2020,근로기준법,근로기준법제13조,43
2020,근로기준법,근로기준법제14조,1
2020,근로기준법,근로기준법제14조제1항,12
2020,근로기준법,근로기준법제17조제1항,1
2020,근로기준법,근로기준법제39조,1
2020,근로기준법,근로기준법제39조제1항,10
2020,근로기준법,근로기준법제41조,4
2020,근로기준법,근로기준법제41조제1항,5
2020,근로기준법,근로기준법제42조,62
2020,근로기준법,근로기준법제48조,31
2020,근로기준법,근로기준법제66조,29
2020,근로기준법,근로기준법제93조,44
2020,근로기준법,근로기준법제99조,1
2020,근로기준법,근로기준법제99조제1항,1
2020,근로자직업능력개발법,근로자직업능력개발법,5
2020,근로자직업능력개발법,근로자직업능력개발법제23조의2,1
2020,근로자직업능력개발법,근로자직업능력개발법제28조의3,1
2020,근로자직업능력개발법,근로자직업능력개발법제28조제3항,1
2020,근로자직업능력개발법,"근로자직업능력개발법제58조,제63조및같은법시행령제53조의[별표5]2.개별기준아.",1
2020,근로자직업능력개발법,근로자직업능력개발법제63조제1항,1
2020,근로자직업능력개발법,근로자직업능력개발법제63조제1항2호및동법시행령제53조,1
2020,근로자직업능력개발법,근로자직업능력개발법제63조제1항6호,1
2020,근로자직업능력개발법,근로자직업능력개발법제63조제1항7호,1
2020,근로자참여및협력증진에관한법률,근로자참여및협력증진에관한법률제18조제1항,6
2020,기간제및단시간근로자보호에관한법,기간제및단시간근로자보호등에관한법률제17조,386
2020,기간제및단시간근로자보호에관한법,기간제및단시간근로자의보호등에관한법률제17조,1
2020,남녀고용평등법,남녀고용평등과일ㆍ가정양립지원에관한법률률제17조의3제1항,2
2020,남녀고용평등법,남녀고용평등과일ㆍ가정양립지원에관한법률률제17조의4제1항,1
2020,남녀고용평등법,남녀고용평등과일ㆍ가정양립지원에관한법률률제33조,1
2020,남녀고용평등법,남녀고용평등과일ㆍ가정양립지원에관한법률제12조,48
2020,남녀고용평등법,남녀고용평등과일ㆍ가정양립지원에관한법률제13조,3
2020,남녀고용평등법,남녀고용평등과일ㆍ가정양립지원에관한법률제13조제1항,114
2020,남녀고용평등법,남녀고용평등과일ㆍ가정양립지원에관한법률제13조제3항,3
2020,남녀고용평등법,남녀고용평등과일ㆍ가정양립지원에관한법률제14조1항,1
2020,남녀고용평등법,남녀고용평등과일ㆍ가정양립지원에관한법률제14조의2제1항,2
2020,남녀고용평등법,남녀고용평등과일ㆍ가정양립지원에관한법률제14조의2제2항,1
2020,남녀고용평등법,남녀고용평등과일ㆍ가정양립지원에관한법률제14조제2항,14
2020,남녀고용평등법,남녀고용평등과일ㆍ가정양립지원에관한법률제14조제5항,8
2020,남녀고용평등법,남녀고용평등과일ㆍ가정양립지원에관한법률제18조의2제1항,3
2020,남녀고용평등법,남녀고용평등과일ㆍ가정양립지원에관한법률제19조의2제2항,1
2020,남녀고용평등법,남녀고용평등과일ㆍ가정양립지원에관한법률제22조의2제1항,1
2020,남녀고용평등법,남녀고용평등과일가정양립지원에관한법률제12조,1
2020,남녀고용평등법,남녀고용평등과일가정양립지원에관한법률제13조제1항,4
2020,남녀고용평등법,남녀고용평등과일가정양립지원에관한법률제14조제1항,1
2020,남녀고용평등법,남녀고용평등법제12조,3
2020,남녀고용평등법,남녀고용평등법제13조제1항,3
2020,노동조합및노동관계조정법,노동조합및노동관계조정법제14조제1항,2
2020,노동조합및노동관계조정법,노동조합및노동관계조정법제14조제2항,1
2020,노동조합및노동관계조정법,노동조합및노동관계조정법제31조제2항,2
2020,사회적기업육성법,사회적기업육성법,1
2020,사회적기업육성법,사회적기업육성법제17조제1항,1
2020,사회적기업육성법,사회적기업육성법제19조,1
2020,사회적기업육성법,사회적기업육성법제23조제1항1호,1
2020,사회적기업육성법,사회적기업육성법제9조제2항,2
2020,산업안전보건법,산업안전보건기준에관한규칙제115조,1
2020,산업안전보건법,산업안전보건기준에관한규칙제133조,1
2020,산업안전보건법,산업안전보건기준에관한규칙제183조제2항,1
2020,산업안전보건법,산업안전보건기준에관한규칙제32조제1항,8
2020,산업안전보건법,산업안전보건기준에관한규칙제32조제2항,18
2020,산업안전보건법,산업안전보건기준에관한규칙제35조,2
2020,산업안전보건법,산업안전보건기준에관한규칙제35조제1항,6
2020,산업안전보건법,산업안전보건기준에관한규칙제35조제2항,2
2020,산업안전보건법,산업안전보건기준에관한규칙제37조제1항,2
2020,산업안전보건법,산업안전보건기준에관한규칙제439조,1
2020,산업안전보건법,산업안전보건기준에관한규칙제440조,1
2020,산업안전보건법,산업안전보건기준에관한규칙제490조,2
2020,산업안전보건법,산업안전보건기준에관한규칙제491조제2항,3
2020,산업안전보건법,산업안전보건기준에관한규칙제622조제1항,7
2020,산업안전보건법,산업안전보건기준에관한규칙제672조제4항,1
2020,산업안전보건법,산업안전보건법,1
2020,산업안전보건법,산업안전보건법제107조제1항,9
2020,산업안전보건법,산업안전보건법제10조,25
2020,산업안전보건법,산업안전보건법제10조의2,4
2020,산업안전보건법,산업안전보건법제10조제1항,14
2020,산업안전보건법,산업안전보건법제10조제2항,438
2020,산업안전보건법,산업안전보건법제110조,1
2020,산업안전보건법,산업안전보건법제111조제1항,6
2020,산업안전보건법,산업안전보건법제114조,16
2020,산업안전보건법,산업안전보건법제114조제1항,219
2020,산업안전보건법,산업안전보건법제114조제2항,2
2020,산업안전보건법,산업안전보건법제114조제3항,153
2020,산업안전보건법,산업안전보건법제115조,19
2020,산업안전보건법,산업안전보건법제115조제1항,27
2020,산업안전보건법,산업안전보건법제115조제2항,128
2020,산업안전보건법,산업안전보건법제119조,2
2020,산업안전보건법,산업안전보건법제119조제1항,30
2020,산업안전보건법,산업안전보건법제119조제2항,45
2020,산업안전보건법,산업안전보건법제119조제4항,1
2020,산업안전보건법,산업안전보건법제11조,1
2020,산업안전보건법,산업안전보건법제11조제1항,13
2020,산업안전보건법,산업안전보건법제11조제2항,1
2020,산업안전보건법,산업안전보건법제121조제3항,1
2020,산업안전보건법,산업안전보건법제122조,1
2020,산업안전보건법,산업안전보건법제122조제3항,25
2020,산업안전보건법,산업안전보건법제124조,1
2020,산업안전보건법,산업안전보건법제124조제1항,18
2020,산업안전보건법,산업안전보건법제125조,10
2020,산업안전보건법,산업안전보건법제125조제1항,92
2020,산업안전보건법,산업안전보건법제125조제6항,3
2020,산업안전보건법,산업안전보건법제126조제1항,1
2020,산업안전보건법,산업안전보건법제129조,8
2020,산업안전보건법,산업안전보건법제129조제1항,59
2020,산업안전보건법,산업안전보건법제12조,31
2020,산업안전보건법,산업안전보건법제130조,28
2020,산업안전보건법,산업안전보건법제130조제1항,181
2020,산업안전보건법,산업안전보건법제130조제2항,162
2020,산업안전보건법,산업안전보건법제130조제3항,1
2020,산업안전보건법,산업안전보건법제132조제5항,4
2020,산업안전보건법,산업안전보건법제133조,3
2020,산업안전보건법,산업안전보건법제13조,1
2020,산업안전보건법,산업안전보건법제13조제1항,51
2020,산업안전보건법,산업안전보건법제14조,2
2020,산업안전보건법,산업안전보건법제14조1항,2
2020,산업안전보건법,산업안전보건법제14조제1항,78
2020,산업안전보건법,산업안전보건법제155조제1항,2
2020,산업안전보건법,산업안전보건법제156조제1항,3
2020,산업안전보건법,산업안전보건법제15조,5
2020,산업안전보건법,산업안전보건법제15조의2제1항,1
2020,산업안전보건법,산업안전보건법제15조제1항,185
2020,산업안전보건법,산업안전보건법제164조,2
2020,산업안전보건법,산업안전보건법제164조제1항,52
2020,산업안전보건법,산업안전보건법제164조제3항,1
2020,산업안전보건법,산업안전보건법제164조제6항,9
2020,산업안전보건법,산업안전보건법제16조,21
2020,산업안전보건법,산업안전보건법제16조의3,2
2020,산업안전보건법,산업안전보건법제16조의3제1항,7
2020,산업안전보건법,산업안전보건법제16조제1항,380
2020,산업안전보건법,산업안전보건법제17조,2
2020,산업안전보건법,산업안전보건법제17조제1항,97
2020,산업안전보건법,산업안전보건법제17조제2항,1
2020,산업안전보건법,산업안전보건법제18조,4
2020,산업안전보건법,산업안전보건법제18조의2제1항,5
2020,산업안전보건법,산업안전보건법제18조제1항,51
2020,산업안전보건법,산업안전보건법제19조,5
2020,산업안전보건법,산업안전보건법제19조제1항,51
2020,산업안전보건법,산업안전보건법제19조제5항,9
2020,산업안전보건법,산업안전보건법제20조,1
2020,산업안전보건법,산업안전보건법제20조제1항,14
2020,산업안전보건법,산업안전보건법제21조,27
2020,산업안전보건법,산업안전보건법제23조제3항(산업안전보건기준에관한규칙제32조제2항),10
2020,산업안전보건법,산업안전보건법제24조,2
2020,산업안전보건법,산업안전보건법제24조제1항,83
2020,산업안전보건법,산업안전보건법제24조제3항,4
2020,산업안전보건법,산업안전보건법제24조제4항,11
2020,산업안전보건법,산업안전보건법제25조,150
2020,산업안전보건법,산업안전보건법제25조제1항,18
2020,산업안전보건법,산업안전보건법제26조,54
2020,산업안전보건법,산업안전보건법제26조의2제2항,1
2020,산업안전보건법,산업안전보건법제29조,62
2020,산업안전보건법,산업안전보건법제29조의2제1항,1
2020,산업안전보건법,산업안전보건법제29조의2제2항,1
2020,산업안전보건법,산업안전보건법제29조의2제4항,1
2020,산업안전보건법,산업안전보건법제29조제1항,314
2020,산업안전보건법,산업안전보건법제29조제2항,211
2020,산업안전보건법,산업안전보건법제29조제3항,813
2020,산업안전보건법,산업안전보건법제29조제6항,1
2020,산업안전보건법,산업안전보건법제30조,3
2020,산업안전보건법,산업안전보건법제30조의2,1
2020,산업안전보건법,산업안전보건법제30조의2제1항,40
2020,산업안전보건법,산업안전보건법제30조의2제3항,1
2020,산업안전보건법,산업안전보건법제30조제1항,37
2020,산업안전보건법,산업안전보건법제30조제3항,112
2020,산업안전보건법,산업안전보건법제30조제4항,7
2020,산업안전보건법,산업안전보건법제31조,28
2020,산업안전보건법,산업안전보건법제31조의2,4
2020,산업안전보건법,산업안전보건법제31조의2제1항,48
2020,산업안전보건법,산업안전보건법제31조제1항,421
2020,산업안전보건법,산업안전보건법제31조제2항,152
2020,산업안전보건법,산업안전보건법제31조제3항,473
2020,산업안전보건법,산업안전보건법제32조,7
2020,산업안전보건법,산업안전보건법제32조의3,1
2020,산업안전보건법,산업안전보건법제32조제1항,131
2020,산업안전보건법,산업안전보건법제34조,121
2020,산업안전보건법,산업안전보건법제35조,1
2020,산업안전보건법,산업안전보건법제36조,4
2020,산업안전보건법,산업안전보건법제36조제1항,169
2020,산업안전보건법,산업안전보건법제36조제3항,14
2020,산업안전보건법,산업안전보건법제36조제4항,51
2020,산업안전보건법,산업안전보건법제37조,25
2020,산업안전보건법,산업안전보건법제37조제1항,319
2020,산업안전보건법,산업안전보건법제38조의2,5
2020,산업안전보건법,산업안전보건법제38조의2제1항,23
2020,산업안전보건법,산업안전보건법제38조의2제2항,16
2020,산업안전보건법,산업안전보건법제38조의4제3항,16
2020,산업안전보건법,산업안전보건법제38조의5,1
2020,산업안전보건법,산업안전보건법제38조의5제1항,48
2020,산업안전보건법,산업안전보건법제38조제1항,1
2020,산업안전보건법,산업안전보건법제39조의2제1항,4
2020,산업안전보건법,산업안전보건법제40조,436
2020,산업안전보건법,산업안전보건법제40조제5항,1
2020,산업안전보건법,산업안전보건법제41조,28
2020,산업안전보건법,산업안전보건법제41조제1항,13
2020,산업안전보건법,산업안전보건법제41조제3항,457
2020,산업안전보건법,산업안전보건법제41조제4항,36
2020,산업안전보건법,산업안전보건법제41조제5항,279
2020,산업안전보건법,산업안전보건법제41조제6항,1
2020,산업안전보건법,산업안전보건법제41조제7항,381
2020,산업안전보건법,산업안전보건법제42조,21
2020,산업안전보건법,산업안전보건법제42조의2제1항,1
2020,산업안전보건법,산업안전보건법제42조제1항,441
2020,산업안전보건법,산업안전보건법제42조제3항,1
2020,산업안전보건법,산업안전보건법제42조제6항,13
2020,산업안전보건법,산업안전보건법제43조,65
2020,산업안전보건법,산업안전보건법제43조제1항,955
2020,산업안전보건법,산업안전보건법제43조제3항,27
2020,산업안전보건법,산업안전보건법제43조제4항,1
2020,산업안전보건법,산업안전보건법제43조제7항,1
2020,산업안전보건법,산업안전보건법제44조제1항,18
2020,산업안전보건법,산업안전보건법제45조제1항,1
2020,산업안전보건법,산업안전보건법제46조,14
2020,산업안전보건법,산업안전보건법제46조제1항,1824
2020,산업안전보건법,산업안전보건법제46조제2항,35
2020,산업안전보건법,산업안전보건법제46조제3항,30
2020,산업안전보건법,산업안전보건법제46조제4항,4
2020,산업안전보건법,산업안전보건법제48조,1
2020,산업안전보건법,산업안전보건법제48조제1항,194
2020,산업안전보건법,산업안전보건법제48조제2항,28
2020,산업안전보건법,산업안전보건법제48조제3항,9
2020,산업안전보건법,산업안전보건법제48조제5항,1
2020,산업안전보건법,산업안전보건법제49조의2,1
2020,산업안전보건법,산업안전보건법제49조의2제1항,6
2020,산업안전보건법,산업안전보건법제49조의2제7항,124
2020,산업안전보건법,산업안전보건법제51조제1항,4
2020,산업안전보건법,산업안전보건법제51조제3항,2
2020,산업안전보건법,산업안전보건법제51조제6항,3
2020,산업안전보건법,산업안전보건법제51조제8항,2
2020,산업안전보건법,산업안전보건법제53조제1항,2
2020,산업안전보건법,산업안전보건법제53조제2항,1
2020,산업안전보건법,산업안전보건법제54조,1
2020,산업안전보건법,산업안전보건법제54조제2항,48
2020,산업안전보건법,산업안전보건법제55조제1항,1
2020,산업안전보건법,산업안전보건법제57조,8
2020,산업안전보건법,산업안전보건법제57조제1항,4
2020,산업안전보건법,산업안전보건법제57조제3항,306
2020,산업안전보건법,산업안전보건법제59조제1항,2
2020,산업안전보건법,산업안전보건법제5조,9
2020,산업안전보건법,산업안전보건법제62조,1
2020,산업안전보건법,산업안전보건법제62조제1항,13
2020,산업안전보건법,산업안전보건법제64조,2
2020,산업안전보건법,산업안전보건법제64조제1항,13
2020,산업안전보건법,산업안전보건법제64조제2항,1
2020,산업안전보건법,산업안전보건법제67조제1항,1
2020,산업안전보건법,산업안전보건법제68조,2
2020,산업안전보건법,산업안전보건법제68조제1항,7
2020,산업안전보건법,산업안전보건법제6조,3
2020,산업안전보건법,산업안전보건법제72조,13
2020,산업안전보건법,산업안전보건법제72조제1항,84
2020,산업안전보건법,산업안전보건법제72조제3항,116
2020,산업안전보건법,산업안전보건법제72조제5항,218
2020,산업안전보건법,산업안전보건법제73조,7
2020,산업안전보건법,산업안전보건법제73조제1항,84
2020,산업안전보건법,산업안전보건법제75조,3
2020,산업안전보건법,산업안전보건법제75조제1항,10
2020,산업안전보건법,산업안전보건법제75조제4항,4
2020,산업안전보건법,산업안전보건법제75조제6항,5
2020,산업안전보건법,산업안전보건법제77조,22
2020,산업안전보건법,산업안전보건법제77조제1항,14
2020,산업안전보건법,산업안전보건법제77조제2항,244
2020,산업안전보건법,산업안전보건법제84조제1항,1
2020,산업안전보건법,산업안전보건법제85조,4
2020,산업안전보건법,산업안전보건법제85조제1항,4
2020,산업안전보건법,산업안전보건법제90조제1항,6
2020,산업안전보건법,산업안전보건법제93조,16
2020,산업안전보건법,산업안전보건법제93조제1항,162
2020,산업안전보건법,산업안전보건법제94조,5
2020,산업안전보건법,산업안전보건법제94조제2항,69
2020,산업안전보건법,산업안전보건법제95조,86
2020,산업재해보상보험법,산업재해보상보험법,2
2020,산업현장일학습병행지원에관한법률,산업현장일학습병행지원에관한법률제25조제2항,1
2020,외국인고용법,외국인고용법[32조1항3호]특례고용가능확인서없이특례외국인고용(사),334
2020,외국인고용법,외국인고용법[32조1항4호]구직자명부에없는특례외국인채용(사),9
2020,외국인고용법,외국인고용법[32조1항4호]근로개시신고불이행이나거짓신고(사),26
2020,외국인고용법,외국인고용법[32조1항5호]출국만기보험료3회이상연체(사),170
2020,외국인고용법,외국인고용법[32조1항6호]귀국비용보험미가입(근),3
2020,외국인고용법,외국인고용법[32조1항7호]고용변동신고불이행이나거짓신고(사),210
2020,외국인고용법,외국인고용법[32조1항8호]고용제한이되었으나특례외국인고용(사),466
2020,외국인고용법,"외국인고용법[32조1항9호]관련서류미제출및거짓제출(사,근,단)",1
2020,외국인고용법,"외국인고용법[32조1항9호]미보고및거짓보고(사,근,단)",1
2020,외국인고용법,외국인고용법제32조5호제32조제1항5호,3
2020,외국인고용법,외국인근로자고용등에관한법률,4
2020,외국인고용법,외국인근로자고용등에관한법률제20조제1항1호,27
2020,장애인고용촉진및직업재활법,장애인고용촉진및직업재활법제29조,1
2020,장애인고용촉진및직업재활법,장애인고용촉진및직업재활법제29조제1항,1
2020,장애인고용촉진및직업재활법,장애인고용촉진및직업재활법제5조의2,1
2020,장애인고용촉진및직업재활법,장애인고용촉진및직업재활법제75조제2항,2
2020,장애인고용촉진및직업재활법,장애인고용촉진및직업재활법제86조및같은법시행령83조,1
2020,직업교육훈련촉진법,직업훈련교육촉진법제9조제3항,1
2020,직업안정법,직업안정법,2
2020,직업안정법,직업안정법제35조,3
2020,채용절차의공정화에관한법률,채용절차의공정화에관한법률제11조,4
2020,채용절차의공정화에관한법률,채용절차의공정화에관한법률제11조의6,2
2020,채용절차의공정화에관한법률,채용절차의공정화에관한법률제11조제3항,4
2020,채용절차의공정화에관한법률,채용절차의공정화에관한법률제11조제6항,50
2020,채용절차의공정화에관한법률,채용절차의공정화에관한법률제12조제1항,1
2020,채용절차의공정화에관한법률,채용절차의공정화에관한법률제17조제2항3호,1
2020,채용절차의공정화에관한법률,채용절차의공정화에관한법률제4조의2,1
2020,채용절차의공정화에관한법률,채용절차의공정화에관한법률제4조의3,77
2020,채용절차의공정화에관한법률,채용절차의공정화에관한법률제4조의33호,1
2020,채용절차의공정화에관한법률,채용절차의공정화에관한법률제4조의3제1항,1
2020,채용절차의공정화에관한법률,채용절차의공정화에관한법률제4조제3항,8
2020,최저임금법,최저임금법제11조,15
2020,파견근로자보호법,파견근로자보호등에관한법률제35조제3항,1
2020,파견근로자보호법,파견근로자보호등에관한법률제35조제5항,1
2020,파견근로자보호법,파견근로자보호등에관한법률제6조의2제1항,3
2020,파견근로자보호법,파견근로자보호등에관한법률제7조제3항,1
2021,건설근로자의고용개선등에관한법률,건설근로자의고용개선등에관한법률,2
2021,건설근로자의고용개선등에관한법률,건설근로자의고용개선등에관한법률제10조의4제1항,2
2021,건설근로자의고용개선등에관한법률,건설근로자의고용개선등에관한법률제13조,70
2021,건설근로자의고용개선등에관한법률,건설근로자의고용개선등에관한법률제13조제1항,706
2021,고용보험법,고용보험법,7
2021,고용보험법,고용보험법15조,64801
2021,고용보험법,고용보험법15조및16조,38
2021,고용보험법,고용보험법16조,389
2021,고용보험법,고용보험법42조,101
2021,고용보험법,고용보험법43조,38
2021,고용보험법,고용보험법43조제43조제4항,1
2021,고용보험법,고용보험법제108조,2
2021,고용보험법,고용보험법제108조제1항,2
2021,고용보험법,고용보험법제108조제3항,2
2021,고용보험법,"고용보험법제108조제3항,제109조,제118조의제2항제1호",1
2021,고용보험법,"고용보험법제108조제3항,제109조,제118조제1항제6호",1
2021,고용보험법,"고용보험법제108조제3항,제109조,제118조제2항제1호",1
2021,고용보험법,고용보험법제108조제3항및동법제118조제1항제2호,1
2021,고용보험법,고용보험법제109조,2
2021,고용보험법,고용보험법제109조제1항,6
2021,고용보험법,고용보험법제118조,1
2021,고용보험법,고용보험법제118조제1항4호,3
2021,고용보험법,고용보험법제118조제1항6호,1
2021,고용보험법,고용보험법제15조,12
2021,고용보험법,고용보험법제15조제1항,1
2021,고용보험법,고용보험법제16조제1항,1
2021,고용보험법,고용보험법제43조제4항,1
2021,공인노무사법,공인노무사법제12조의4,1
2021,공인노무사법,공인노무사법제5조의2제2항,1
2021,국민평생직업능력개발법,국민평생직업능력개발법제63조제1항제2호,1
2021,국민평생직업능력개발법,국민평생직업능력개발법제63조제1항제3호,3
2021,국민평생직업능력개발법,국민평생직업능력개발법제63조제1항제6호,2
2021,근로기준법,근로기준법,1
2021,근로기준법,근로기준법제102조제1항,4
2021,근로기준법,근로기준법제13조,75
2021,근로기준법,근로기준법제14조제1항,9
2021,근로기준법,근로기준법제39조제1항,10
2021,근로기준법,근로기준법제39조제2항,1
2021,근로기준법,근로기준법제41조제1항,4
2021,근로기준법,근로기준법제42조,53
2021,근로기준법,근로기준법제48조,17
2021,근로기준법,근로기준법제66조,17
2021,근로기준법,근로기준법제76조의2,3
2021,근로기준법,근로기준법제93조,40
2021,근로자직업능력개발법,근로자직업능력개발법,1
2021,근로자직업능력개발법,근로자직업능력개발법제58조,1
2021,근로자직업능력개발법,"근로자직업능력개발법제58조,제63조제1항제6호,동법시행령제53조제58조",1
2021,근로자직업능력개발법,근로자직업능력개발법제63조제1항6호,1
2021,근로자참여및협력증진에관한법률,근로자참여및협력증진에관한법률제18조제1항,1
2021,근로자퇴직급여보장법,근로자퇴직급여보장법제32조제2항,2
2021,근로자퇴직급여보장법,근로자퇴직급여보장법제32조제3항제2호,1
2021,기간제및단시간근로자보호에관한법,기간제및단시간근로자보호등에관한법률제17조,342
2021,기간제및단시간근로자보호에관한법,기간제및단시간근로자의보호등에관한법률제14조,1
2021,남녀고용평등법,남녀고용평등과일ㆍ가정양립지원에관한법률률제33조,1
2021,남녀고용평등법,남녀고용평등과일ㆍ가정양립지원에관한법률제12조,68
2021,남녀고용평등법,남녀고용평등과일ㆍ가정양립지원에관한법률제13조,1
2021,남녀고용평등법,남녀고용평등과일ㆍ가정양립지원에관한법률제13조제1항,142
2021,남녀고용평등법,남녀고용평등과일ㆍ가정양립지원에관한법률제13조제2항,1
2021,남녀고용평등법,남녀고용평등과일ㆍ가정양립지원에관한법률제13조제3항,5
2021,남녀고용평등법,남녀고용평등과일ㆍ가정양립지원에관한법률제14조의2제1항,1
2021,남녀고용평등법,남녀고용평등과일ㆍ가정양립지원에관한법률제14조제2항,13
2021,남녀고용평등법,남녀고용평등과일ㆍ가정양립지원에관한법률제14조제4항,1
2021,남녀고용평등법,남녀고용평등과일ㆍ가정양립지원에관한법률제14조제5항,10
2021,남녀고용평등법,남녀고용평등과일ㆍ가정양립지원에관한법률제14조제7항,1
2021,남녀고용평등법,남녀고용평등과일ㆍ가정양립지원에관한법률제18조의2제1항,2
2021,남녀고용평등법,남녀고용평등과일가정양립지원에관한법률제12조,1
2021,남녀고용평등법,남녀고용평등법제12조,1
2021,남녀고용평등법,남녀고용평등법제13조제1항,2
2021,노동조합및노동관계조정법,노동조합및노동관계조정법제13조제2항,1
2021,노동조합및노동관계조정법,노동조합및노동관계조정법제27조,1
2021,노동조합및노동관계조정법,노동조합및노동관계조정법제31조제2항,1
2021,사회적기업육성법,사회적기업육성법제17조의1,1
2021,사회적기업육성법,사회적기업육성법제17조제1항,4
2021,사회적기업육성법,사회적기업육성법제17조제4항,2
2021,사회적기업육성법,사회적기업육성법제19조,3
2021,사회적기업육성법,사회적기업육성법제8조제1항4호,1
2021,사회적기업육성법,사회적기업육성법제9조제2항,1
2021,산업안전보건법,산업안전보건기준에관한규칙제31조제2항,1
2021,산업안전보건법,산업안전보건기준에관한규칙제32조,1
2021,산업안전보건법,산업안전보건기준에관한규칙제32조제1항,10
2021,산업안전보건법,산업안전보건기준에관한규칙제32조제2항,32
2021,산업안전보건법,산업안전보건기준에관한규칙제35조,1
2021,산업안전보건법,산업안전보건기준에관한규칙제35조제1항,3
2021,산업안전보건법,산업안전보건기준에관한규칙제35조제2항,2
2021,산업안전보건법,산업안전보건기준에관한규칙제36조,1
2021,산업안전보건법,산업안전보건기준에관한규칙제38조제1항,1
2021,산업안전보건법,산업안전보건기준에관한규칙제439조,3
2021,산업안전보건법,산업안전보건기준에관한규칙제440조,2
2021,산업안전보건법,산업안전보건기준에관한규칙제490조,1
2021,산업안전보건법,산업안전보건기준에관한규칙제495조,1
2021,산업안전보건법,산업안전보건기준에관한규칙제587조제3항,1
2021,산업안전보건법,산업안전보건기준에관한규칙제622조제1항,3
2021,산업안전보건법,산업안전보건기준에관한규칙제673조제1항,6
2021,산업안전보건법,산업안전보건법,1
2021,산업안전보건법,산업안전보건법제107조제1항,10
2021,산업안전보건법,산업안전보건법제10조,21
2021,산업안전보건법,산업안전보건법제10조의2,7
2021,산업안전보건법,산업안전보건법제10조제1항,9
2021,산업안전보건법,산업안전보건법제10조제2항,510
2021,산업안전보건법,산업안전보건법제110조제1항,2
2021,산업안전보건법,산업안전보건법제111조제1항,13
2021,산업안전보건법,산업안전보건법제114조,26
2021,산업안전보건법,산업안전보건법제114조제1항,513
2021,산업안전보건법,산업안전보건법제114조제3항,443
2021,산업안전보건법,산업안전보건법제115조,28
2021,산업안전보건법,산업안전보건법제115조제1항,78
2021,산업안전보건법,산업안전보건법제115조제2항,295
2021,산업안전보건법,산업안전보건법제119조,2
2021,산업안전보건법,산업안전보건법제119조제1항,35
2021,산업안전보건법,산업안전보건법제119조제2항,40
2021,산업안전보건법,산업안전보건법제11조제1항,2
2021,산업안전보건법,산업안전보건법제122조제3항,31
2021,산업안전보건법,산업안전보건법제123조제2항,7
2021,산업안전보건법,산업안전보건법제124조제1항,13
2021,산업안전보건법,산업안전보건법제125조,18
2021,산업안전보건법,산업안전보건법제125조제1항,174
2021,산업안전보건법,산업안전보건법제125조제2항,10
2021,산업안전보건법,산업안전보건법제125조제4항,1
2021,산업안전보건법,산업안전보건법제125조제6항,11
2021,산업안전보건법,산업안전보건법제126조,1
2021,산업안전보건법,산업안전보건법제126조제5항,1
2021,산업안전보건법,산업안전보건법제129조,3
2021,산업안전보건법,산업안전보건법제129조제1항,77
2021,산업안전보건법,산업안전보건법제12조,9
2021,산업안전보건법,산업안전보건법제130조,20
2021,산업안전보건법,산업안전보건법제130조제1항,226
2021,산업안전보건법,산업안전보건법제130조제2항,158
2021,산업안전보건법,산업안전보건법제132조제5항,17
2021,산업안전보건법,산업안전보건법제133조,5
2021,산업안전보건법,산업안전보건법제135조제1항,3
2021,산업안전보건법,산업안전보건법제13조,2
2021,산업안전보건법,산업안전보건법제13조제1항,26
2021,산업안전보건법,산업안전보건법제14조,3
2021,산업안전보건법,산업안전보건법제14조제1항,20
2021,산업안전보건법,산업안전보건법제155조제1항,2
2021,산업안전보건법,산업안전보건법제155조제3항,2
2021,산업안전보건법,산업안전보건법제15조,6
2021,산업안전보건법,산업안전보건법제15조제1항,231
2021,산업안전보건법,산업안전보건법제160조제1항,16
2021,산업안전보건법,산업안전보건법제164조,5
2021,산업안전보건법,산업안전보건법제164조제1항,52
2021,산업안전보건법,산업안전보건법제164조제6항,7
2021,산업안전보건법,산업안전보건법제16조,13
2021,산업안전보건법,산업안전보건법제16조제1항,378
2021,산업안전보건법,산업안전보건법제175조제4항,1
2021,산업안전보건법,산업안전보건법제17조,10
2021,산업안전보건법,산업안전보건법제17조제1항,210
2021,산업안전보건법,산업안전보건법제17조제2항,1
2021,산업안전보건법,산업안전보건법제17조제3항,1
2021,산업안전보건법,산업안전보건법제18조,9
2021,산업안전보건법,산업안전보건법제18조의2제1항,1
2021,산업안전보건법,산업안전보건법제18조제1항,58
2021,산업안전보건법,산업안전보건법제19조제1항,31
2021,산업안전보건법,산업안전보건법제19조제5항,1
2021,산업안전보건법,산업안전보건법제20조,2
2021,산업안전보건법,산업안전보건법제20조제1항,2
2021,산업안전보건법,산업안전보건법제21조,4
2021,산업안전보건법,산업안전보건법제23조제3항(산업안전보건기준에관한규칙제32조제2항),2
2021,산업안전보건법,산업안전보건법제24조,4
2021,산업안전보건법,산업안전보건법제24조제1항,102
2021,산업안전보건법,산업안전보건법제24조제2항,1
2021,산업안전보건법,산업안전보건법제24조제3항,9
2021,산업안전보건법,산업안전보건법제24조제4항,20
2021,산업안전보건법,산업안전보건법제25조,56
2021,산업안전보건법,산업안전보건법제25조제1항,24
2021,산업안전보건법,산업안전보건법제25조제3항,1
2021,산업안전보건법,산업안전보건법제26조,114
2021,산업안전보건법,산업안전보건법제26조의2제2항,1
2021,산업안전보건법,산업안전보건법제29조,36
2021,산업안전보건법,산업안전보건법제29조제1항,550
2021,산업안전보건법,산업안전보건법제29조제2항,287
2021,산업안전보건법,산업안전보건법제29조제3항,1299
2021,산업안전보건법,산업안전보건법제30조,4
2021,산업안전보건법,산업안전보건법제30조의2제1항,23
2021,산업안전보건법,산업안전보건법제30조제1항,8
2021,산업안전보건법,산업안전보건법제30조제3항,31
2021,산업안전보건법,산업안전보건법제30조제4항,3
2021,산업안전보건법,산업안전보건법제31조,10
2021,산업안전보건법,산업안전보건법제31조의2,2
2021,산업안전보건법,산업안전보건법제31조의2제1항,11
2021,산업안전보건법,산업안전보건법제31조제1항,162
2021,산업안전보건법,산업안전보건법제31조제2항,58
2021,산업안전보건법,산업안전보건법제31조제3항,111
2021,산업안전보건법,산업안전보건법제32조,3
2021,산업안전보건법,산업안전보건법제32조제1항,76
2021,산업안전보건법,산업안전보건법제34조,120
2021,산업안전보건법,산업안전보건법제36조,1
2021,산업안전보건법,산업안전보건법제36조제1항,76
2021,산업안전보건법,산업안전보건법제36조제4항,15
2021,산업안전보건법,산업안전보건법제37조,16
2021,산업안전보건법,산업안전보건법제37조제1항,331
2021,산업안전보건법,산업안전보건법제38조의2제1항,2
2021,산업안전보건법,산업안전보건법제38조의2제2항,5
2021,산업안전보건법,산업안전보건법제38조의4제3항,2
2021,산업안전보건법,산업안전보건법제38조의5제1항,23
2021,산업안전보건법,산업안전보건법제40조,586
2021,산업안전보건법,산업안전보건법제41조,5
2021,산업안전보건법,산업안전보건법제41조제1항,4
2021,산업안전보건법,산업안전보건법제41조제2항,1
2021,산업안전보건법,산업안전보건법제41조제3항,43
2021,산업안전보건법,산업안전보건법제41조제4항,6
2021,산업안전보건법,산업안전보건법제41조제5항,27
2021,산업안전보건법,산업안전보건법제41조제6항,1
2021,산업안전보건법,산업안전보건법제41조제7항,65
2021,산업안전보건법,산업안전보건법제42조,17
2021,산업안전보건법,산업안전보건법제42조제1항,376
2021,산업안전보건법,산업안전보건법제42조제6항,48
2021,산업안전보건법,산업안전보건법제43조,8
2021,산업안전보건법,산업안전보건법제43조제1항,301
2021,산업안전보건법,산업안전보건법제43조제2항,1
2021,산업안전보건법,산업안전보건법제43조제3항,21
2021,산업안전보건법,산업안전보건법제44조제1항,26
2021,산업안전보건법,산업안전보건법제44조제2항,1
2021,산업안전보건법,산업안전보건법제46조,55
2021,산업안전보건법,산업안전보건법제46조제1항,2414
2021,산업안전보건법,산업안전보건법제46조제2항,3
2021,산업안전보건법,산업안전보건법제46조제3항,24
2021,산업안전보건법,산업안전보건법제48조,8
2021,산업안전보건법,산업안전보건법제48조제1항,169
2021,산업안전보건법,산업안전보건법제48조제2항,16
2021,산업안전보건법,산업안전보건법제48조제3항,4
2021,산업안전보건법,산업안전보건법제49조의2제1항,1
2021,산업안전보건법,산업안전보건법제49조의2제2항,1
2021,산업안전보건법,산업안전보건법제53조제1항,1
2021,산업안전보건법,산업안전보건법제54조,2
2021,산업안전보건법,산업안전보건법제54조제2항,66
2021,산업안전보건법,산업안전보건법제56조제3항,1
2021,산업안전보건법,산업안전보건법제57조,23
2021,산업안전보건법,산업안전보건법제57조제1항,5
2021,산업안전보건법,산업안전보건법제57조제2항,1
2021,산업안전보건법,산업안전보건법제57조제3항,734
2021,산업안전보건법,산업안전보건법제58조제1항,1
2021,산업안전보건법,산업안전보건법제59조제1항,5
2021,산업안전보건법,산업안전보건법제5조,7
2021,산업안전보건법,산업안전보건법제62조,2
2021,산업안전보건법,산업안전보건법제62조제1항,20
2021,산업안전보건법,산업안전보건법제64조제1항,10
2021,산업안전보건법,산업안전보건법제64조제4항,1
2021,산업안전보건법,산업안전보건법제67조,2
2021,산업안전보건법,산업안전보건법제67조제1항,16
2021,산업안전보건법,산업안전보건법제68조제1항,8
2021,산업안전보건법,산업안전보건법제6조,4
2021,산업안전보건법,산업안전보건법제72조,10
2021,산업안전보건법,산업안전보건법제72조제1항,88
2021,산업안전보건법,산업안전보건법제72조제3항,93
2021,산업안전보건법,산업안전보건법제72조제4항,2
2021,산업안전보건법,산업안전보건법제72조제5항,258
2021,산업안전보건법,산업안전보건법제73조,10
2021,산업안전보건법,산업안전보건법제73조제1항,106
2021,산업안전보건법,산업안전보건법제73조제2항,2
2021,산업안전보건법,산업안전보건법제74조,1
2021,산업안전보건법,산업안전보건법제74조제2항,1
2021,산업안전보건법,산업안전보건법제74조제4항,17
2021,산업안전보건법,산업안전보건법제75조제1항,4
2021,산업안전보건법,산업안전보건법제75조제4항,5
2021,산업안전보건법,산업안전보건법제75조제5항,1
2021,산업안전보건법,산업안전보건법제75조제6항,10
2021,산업안전보건법,산업안전보건법제77조,7
2021,산업안전보건법,산업안전보건법제77조제1항,29
2021,산업안전보건법,산업안전보건법제77조제2항,97
2021,산업안전보건법,산업안전보건법제78조,4
2021,산업안전보건법,산업안전보건법제85조제1항,10
2021,산업안전보건법,산업안전보건법제90조제1항,1
2021,산업안전보건법,산업안전보건법제93조,9
2021,산업안전보건법,산업안전보건법제93조제1항,244
2021,산업안전보건법,산업안전보건법제94조,7
2021,산업안전보건법,산업안전보건법제94조제2항,47
2021,산업안전보건법,산업안전보건법제95조,93
2021,산업안전보건법,산업안전보건법제9조의2,1
2021,산업재해보상보험법,산업재해보상보험법제114조제1항,1
2021,산업재해보상보험법,산업재해보상보험법제125조,1
2021,산업재해보상보험법,산업재해보상보험법제125조제3항,3
2021,산업현장일학습병행지원에관한법률,산업현장일학습병행지원에관한법률제25조,1
2021,외국인고용법,외국인고용법[32조1항2호]취업교육을받게하지않음(사),1
2021,외국인고용법,외국인고용법[32조1항3호]특례고용가능확인서없이특례외국인고용(사),263
2021,외국인고용법,외국인고용법[32조1항4호]구직자명부에없는특례외국인채용(사),5
2021,외국인고용법,외국인고용법[32조1항4호]근로개시신고불이행이나거짓신고(사),35
2021,외국인고용법,외국인고용법[32조1항5호]출국만기보험료3회이상연체(사),106
2021,외국인고용법,외국인고용법[32조1항6호]귀국비용보험미가입(근),1
2021,외국인고용법,외국인고용법[32조1항7호]고용변동신고불이행이나거짓신고(사),205
2021,외국인고용법,외국인고용법[32조1항8호]고용제한이되었으나특례외국인고용(사),381
2021,외국인고용법,"외국인고용법[32조1항9호]관련서류미제출및거짓제출(사,근,단)",2
2021,외국인고용법,"외국인고용법[32조1항9호]미보고및거짓보고(사,근,단)",1
2021,외국인고용법,외국인고용법제32조8호제32조제1항8호,1
2021,외국인고용법,외국인근로자고용등에관한법률,2
2021,외국인고용법,외국인근로자고용등에관한법률제20조의11호,2
2021,외국인고용법,외국인근로자고용등에관한법률제20조제1항1호,4
2021,장애인고용촉진및직업재활법,장애인고용촉진및직업재활법제29조제1항,1
2021,장애인고용촉진및직업재활법,장애인고용촉진및직업재활법제33조제5항,1
2021,장애인고용촉진및직업재활법,장애인고용촉진및직업재활법제5조의2,28
2021,장애인고용촉진및직업재활법,장애인고용촉진및직업재활법제5조의2제1항,11
2021,장애인고용촉진및직업재활법,장애인고용촉진및직업재활법제5조의2제1항및같은법시행령제5조의2제1항,7
2021,장애인고용촉진및직업재활법,장애인고용촉진및직업재활법제5조의3제2항,1
2021,장애인고용촉진및직업재활법,장애인고용촉진및직업재활법제86조제2항1호,2
2021,채용절차의공정화에관한법률,채용절차의공정화에관한법률제11조제1항,1
2021,채용절차의공정화에관한법률,채용절차의공정화에관한법률제11조제3항,1
2021,채용절차의공정화에관한법률,채용절차의공정화에관한법률제11조제6항,26
2021,채용절차의공정화에관한법률,채용절차의공정화에관한법률제1조제6항,1
2021,채용절차의공정화에관한법률,채용절차의공정화에관한법률제4조의3,36
2021,채용절차의공정화에관한법률,채용절차의공정화에관한법률제4조의32호,4
2021,채용절차의공정화에관한법률,채용절차의공정화에관한법률제4조의3제2항,1
2021,채용절차의공정화에관한법률,채용절차의공정화에관한법률제4조의3제2호,2
2021,채용절차의공정화에관한법률,채용절차의공정화에관한법률제4조의3제3항,1
2021,채용절차의공정화에관한법률,채용절차의공정화에관한법률제4조제2항,3
2021,채용절차의공정화에관한법률,채용절차의공정화에관한법률제4조제3항,4
2021,최저임금법,최저임금법제11조,7
2021,파견근로자보호법,파견근로자보호등에관한법률제6조의2제1항,6
2022,건설근로자의고용개선등에관한법률,건설근로자의고용개선등에관한법률,6
2022,건설근로자의고용개선등에관한법률,건설근로자의고용개선등에관한법률제10조의4제1항,11
2022,건설근로자의고용개선등에관한법률,건설근로자의고용개선등에관한법률제13조,63
2022,건설근로자의고용개선등에관한법률,건설근로자의고용개선등에관한법률제13조제1항,1237
2022,건설근로자의고용개선등에관한법률,건설근로자의고용개선등에관한법률제13조제3항,2
2022,고용보험및산업재해보상보험의보험료징수등에관한법률,고용보험및산업재해보상보험의보험료징수등에관한법률제16조의10,1
2022,고용보험및산업재해보상보험의보험료징수등에관한법률,고용보험및산업재해보상보험의보험료징수등에관한법률제16조의10제1항,2
2022,고용보험법,고용보험법,2
2022,고용보험법,고용보험법15조,87138
2022,고용보험법,고용보험법15조및16조,21
2022,고용보험법,고용보험법16조,149
2022,고용보험법,고용보험법42조,129
2022,고용보험법,고용보험법43조,58
2022,고용보험법,고용보험법제108조,2
2022,고용보험법,고용보험법제108조제1항,5
2022,고용보험법,고용보험법제108조제1항4호,1
2022,고용보험법,고용보험법제108조제3항,1
2022,고용보험법,고용보험법제118조제1항4호,2
2022,고용보험법,고용보험법제118조제1항6호,1
2022,고용보험법,고용보험법제118조제2항1호,3
2022,고용보험법,고용보험법제118조제2항2호,1
2022,고용보험법,고용보험법제15조,5
2022,고용보험법,고용보험법제16조,1
2022,고용보험법,고용보험법제42조제3항,1
2022,고용보험법,고용보험법제43조,1
2022,고용정책기본법,고용정책기본법,1
2022,공인노무사법,공인노무사법제5조의2제2항,2
2022,공인노무사법,공인노무사법제5조제2항공인노무사법제30조제1항제1호,2
2022,국민평생직업능력개발법,「국민평생직업능력개발법」제63조제1항제5호동법시행령제53조[별표5]2.개별기준바항,1
2022,국민평생직업능력개발법,국민평생직업능력개발법제19조2항8호,1
2022,국민평생직업능력개발법,국민평생직업능력개발법제58조국민평생직업능력개발법제63조제1항제7호국민평생직업능력개발법시행령제53조,3
2022,국민평생직업능력개발법,국민평생직업능력개발법제63조6호,2
2022,국민평생직업능력개발법,국민평생직업능력개발법제63조제1항제3호,2
2022,국민평생직업능력개발법,국민평생직업능력개발법제63조제1항제5호,2
2022,국민평생직업능력개발법,국민평생직업능력개발법제63조제1항제6호,1
2022,근로기준법,근로기준법,1
2022,근로기준법,근로기준법제102조제1항,4
2022,근로기준법,근로기준법제116조제2항13호,1
2022,근로기준법,근로기준법제13조,70
2022,근로기준법,근로기준법제14조제1항,13
2022,근로기준법,근로기준법제39조,1
2022,근로기준법,근로기준법제39조제1항,10
2022,근로기준법,근로기준법제39조제2항,1
2022,근로기준법,근로기준법제41조,1
2022,근로기준법,근로기준법제41조제1항,6
2022,근로기준법,근로기준법제42조,52
2022,근로기준법,근로기준법제48조,6
2022,근로기준법,근로기준법제48조제1항,10
2022,근로기준법,근로기준법제48조제2항,23
2022,근로기준법,근로기준법제66조,21
2022,근로기준법,근로기준법제74조제7항,2
2022,근로기준법,근로기준법제76조의2,118
2022,근로기준법,근로기준법제76조의3제2항,4
2022,근로기준법,근로기준법제76조의3제5항,5
2022,근로기준법,근로기준법제76조의3제7항,6
2022,근로기준법,근로기준법제93조,41
2022,근로복지기본법,근로복지기본법제93조제1항,3
2022,근로자직업능력개발법,근로자직업능력개발법제51조,1
2022,근로자직업능력개발법,근로자직업능력개발법제58조,2
2022,근로자직업능력개발법,근로자직업능력개발법제58조제1항,1
2022,근로자직업능력개발법,근로자직업능력개발법제63조제1항7호,3
2022,근로자참여및협력증진에관한법률,근로자참여및협력증진에관한법률제18조,1
2022,근로자참여및협력증진에관한법률,근로자참여및협력증진에관한법률제18조제1항,1
2022,근로자퇴직급여보장법,근로자퇴직급여보장법제32조제2항,2
2022,근로자퇴직급여보장법,근로자퇴직급여보장법제32조제3항제2호,1
2022,기간제및단시간근로자보호에관한법,기간제및단시간근로자보호등에관한법률제17조,369
2022,남녀고용평등법,남녀고용평등과일ㆍ가정양립지원에관한법률,1
2022,남녀고용평등법,남녀고용평등과일ㆍ가정양립지원에관한법률률제31조제1항,1
2022,남녀고용평등법,남녀고용평등과일ㆍ가정양립지원에관한법률률제33조,1
2022,남녀고용평등법,남녀고용평등과일ㆍ가정양립지원에관한법률제12조,83
2022,남녀고용평등법,남녀고용평등과일ㆍ가정양립지원에관한법률제13조,1
2022,남녀고용평등법,남녀고용평등과일ㆍ가정양립지원에관한법률제13조제1항,121
2022,남녀고용평등법,남녀고용평등과일ㆍ가정양립지원에관한법률제13조제3항,4
2022,남녀고용평등법,남녀고용평등과일ㆍ가정양립지원에관한법률제14조의2제1항,1
2022,남녀고용평등법,남녀고용평등과일ㆍ가정양립지원에관한법률제14조의2제2항,1
2022,남녀고용평등법,남녀고용평등과일ㆍ가정양립지원에관한법률제14조제2항,18
2022,남녀고용평등법,남녀고용평등과일ㆍ가정양립지원에관한법률제14조제4항,1
2022,남녀고용평등법,남녀고용평등과일ㆍ가정양립지원에관한법률제14조제5항,13
2022,남녀고용평등법,남녀고용평등과일ㆍ가정양립지원에관한법률제14조제7항,1
2022,남녀고용평등법,남녀고용평등과일ㆍ가정양립지원에관한법률제18조의2제1항,14
2022,남녀고용평등법,남녀고용평등과일가정양립지원에관한법률제12조,3
2022,남녀고용평등법,남녀고용평등과일가정양립지원에관한법률제13조제1항,5
2022,남녀고용평등법,남녀고용평등법제12조,2
2022,남녀고용평등법,남녀고용평등법제13조제1항,4
2022,노동조합및노동관계조정법,노동조합및노동관계조정법제13조제2항,1
2022,노동조합및노동관계조정법,노동조합및노동관계조정법제14조제1항,1
2022,노동조합및노동관계조정법,노동조합및노동관계조정법제14조제2항,1
2022,노동조합및노동관계조정법,노동조합및노동관계조정법제27조,2
2022,노동조합및노동관계조정법,노동조합및노동관계조정법제31조제2항,2
2022,사회적기업육성법,사회적기업육성법제17조,4
2022,사회적기업육성법,사회적기업육성법제17조제1항,13
2022,사회적기업육성법,"사회적기업육성법제17조제1항,제23조제2항및시행령제14조",1
2022,사회적기업육성법,사회적기업육성법제17조제23항,1
2022,사회적기업육성법,사회적기업육성법제17조제4항,4
2022,사회적기업육성법,사회적기업육성법제19조사회적기업육성법제23조제1항제2호및시행령제14조별표(과태료부과기준),1
2022,사회적기업육성법,사회적기업육성법제9조,3
2022,산업안전보건법,산업안전보건기준에관한규칙제13조,20
2022,산업안전보건법,산업안전보건기준에관한규칙제199조,1
2022,산업안전보건법,산업안전보건기준에관한규칙제221조의5제1항<신설2022.10.18.>,1
2022,산업안전보건법,산업안전보건기준에관한규칙제311조제1항,1
2022,산업안전보건법,산업안전보건기준에관한규칙제32조,1
2022,산업안전보건법,산업안전보건기준에관한규칙제32조제1항,7
2022,산업안전보건법,산업안전보건기준에관한규칙제32조제2항,88
2022,산업안전보건법,산업안전보건기준에관한규칙제35조제1항,4
2022,산업안전보건법,산업안전보건기준에관한규칙제35조제2항,3
2022,산업안전보건법,산업안전보건기준에관한규칙제38조제1항,2
2022,산업안전보건법,산업안전보건기준에관한규칙제439조,10
2022,산업안전보건법,산업안전보건기준에관한규칙제440조,1
2022,산업안전보건법,산업안전보건기준에관한규칙제442조,1
2022,산업안전보건법,산업안전보건기준에관한규칙제622조,1
2022,산업안전보건법,산업안전보건기준에관한규칙제673조제1항,1
2022,산업안전보건법,산업안전보건기준에관한규칙제93조제1항,1
2022,산업안전보건법,산업안전보건법,2
2022,산업안전보건법,산업안전보건법제107조,1
2022,산업안전보건법,산업안전보건법제107조제1항,25
2022,산업안전보건법,산업안전보건법제10조,4
2022,산업안전보건법,산업안전보건법제10조의2,5
2022,산업안전보건법,산업안전보건법제10조제1항,1
2022,산업안전보건법,산업안전보건법제10조제2항,181
2022,산업안전보건법,산업안전보건법제110조,1
2022,산업안전보건법,산업안전보건법제110조제1항,34
2022,산업안전보건법,산업안전보건법제110조제3항,4
2022,산업안전보건법,산업안전보건법제111조,1
2022,산업안전보건법,산업안전보건법제111조제1항,49
2022,산업안전보건법,산업안전보건법제111조제2항,9
2022,산업안전보건법,산업안전보건법제111조제3항,1
2022,산업안전보건법,산업안전보건법제112조제1항,3
2022,산업안전보건법,산업안전보건법제112조제6항,1
2022,산업안전보건법,산업안전보건법제114조,55
2022,산업안전보건법,산업안전보건법제114조제1항,1368
2022,산업안전보건법,산업안전보건법제114조제2항,14
2022,산업안전보건법,산업안전보건법제114조제3항,1107
2022,산업안전보건법,산업안전보건법제115조,41
2022,산업안전보건법,산업안전보건법제115조제1항,189
2022,산업안전보건법,산업안전보건법제115조제2항,814
2022,산업안전보건법,산업안전보건법제119조,2
2022,산업안전보건법,산업안전보건법제119조제1항,25
2022,산업안전보건법,산업안전보건법제119조제2항,32
2022,산업안전보건법,산업안전보건법제11조제1항,4
2022,산업안전보건법,산업안전보건법제122조제3항,20
2022,산업안전보건법,산업안전보건법제123조제2항,6
2022,산업안전보건법,산업안전보건법제124조제1항,9
2022,산업안전보건법,산업안전보건법제125조,15
2022,산업안전보건법,산업안전보건법제125조제1항,395
2022,산업안전보건법,산업안전보건법제125조제2항,76
2022,산업안전보건법,산업안전보건법제125조제4항,1
2022,산업안전보건법,산업안전보건법제125조제5항,1
2022,산업안전보건법,산업안전보건법제125조제6항,54
2022,산업안전보건법,산업안전보건법제128조의2,2
2022,산업안전보건법,산업안전보건법제128조의2제1항,4
2022,산업안전보건법,산업안전보건법제128조의2제2항,52
2022,산업안전보건법,산업안전보건법제128조제1항,5
2022,산업안전보건법,산업안전보건법제129조,2
2022,산업안전보건법,산업안전보건법제129조제1항,74
2022,산업안전보건법,산업안전보건법제129조제2항,1
2022,산업안전보건법,산업안전보건법제12조,5
2022,산업안전보건법,산업안전보건법제130조,40
2022,산업안전보건법,산업안전보건법제130조제1항,627
2022,산업안전보건법,산업안전보건법제130조제2항,640
2022,산업안전보건법,산업안전보건법제130조제3항,2
2022,산업안전보건법,산업안전보건법제132조,2
2022,산업안전보건법,산업안전보건법제132조제5항,17
2022,산업안전보건법,산업안전보건법제133조,20
2022,산업안전보건법,산업안전보건법제134조제1항,7
2022,산업안전보건법,산업안전보건법제13조,2
2022,산업안전보건법,산업안전보건법제13조제1항,14
2022,산업안전보건법,산업안전보건법제145조,1
2022,산업안전보건법,산업안전보건법제145조제1항,2
2022,산업안전보건법,산업안전보건법제14조,1
2022,산업안전보건법,산업안전보건법제14조제1항,23
2022,산업안전보건법,산업안전보건법제155조제1항,2
2022,산업안전보건법,산업안전보건법제155조제3항,1
2022,산업안전보건법,산업안전보건법제15조,22
2022,산업안전보건법,산업안전보건법제15조제1항,346
2022,산업안전보건법,산업안전보건법제15조제3항,1
2022,산업안전보건법,산업안전보건법제160조제1항,7
2022,산업안전보건법,산업안전보건법제161조,1
2022,산업안전보건법,산업안전보건법제164조,5
2022,산업안전보건법,산업안전보건법제164조제1항,73
2022,산업안전보건법,산업안전보건법제164조제2항,1
2022,산업안전보건법,산업안전보건법제16조,22
2022,산업안전보건법,산업안전보건법제16조제1항,565
2022,산업안전보건법,산업안전보건법제175조제4항,1
2022,산업안전보건법,산업안전보건법제175조제5항,1
2022,산업안전보건법,산업안전보건법제17조,24
2022,산업안전보건법,산업안전보건법제17조제1항,414
2022,산업안전보건법,산업안전보건법제17조제2항,2
2022,산업안전보건법,산업안전보건법제17조제3항,10
2022,산업안전보건법,산업안전보건법제18조,11
2022,산업안전보건법,산업안전보건법제18조의2제1항,1
2022,산업안전보건법,산업안전보건법제18조제1항,98
2022,산업안전보건법,산업안전보건법제18조제2항,1
2022,산업안전보건법,산업안전보건법제18조제3항,1
2022,산업안전보건법,산업안전보건법제19조,9
2022,산업안전보건법,산업안전보건법제19조제1항,48
2022,산업안전보건법,산업안전보건법제20조제1항,2
2022,산업안전보건법,산업안전보건법제21조,7
2022,산업안전보건법,산업안전보건법제21조제1항,1
2022,산업안전보건법,산업안전보건법제21조제3항,2
2022,산업안전보건법,산업안전보건법제21조제4항,1
2022,산업안전보건법,산업안전보건법제22조제1항,1
2022,산업안전보건법,산업안전보건법제23조제3항(산업안전보건기준에관한규칙제32조제2항),5
2022,산업안전보건법,산업안전보건법제24조,7
2022,산업안전보건법,산업안전보건법제24조제1항,221
2022,산업안전보건법,산업안전보건법제24조제2항,4
2022,산업안전보건법,산업안전보건법제24조제3항,16
2022,산업안전보건법,산업안전보건법제24조제4항,30
2022,산업안전보건법,산업안전보건법제25조,77
2022,산업안전보건법,산업안전보건법제25조제1항,35
2022,산업안전보건법,산업안전보건법제26조,290
2022,산업안전보건법,산업안전보건법제29조,89
2022,산업안전보건법,산업안전보건법제29조의2,2
2022,산업안전보건법,산업안전보건법제29조제1항,800
2022,산업안전보건법,산업안전보건법제29조제2항,424
2022,산업안전보건법,산업안전보건법제29조제3항,2719
2022,산업안전보건법,산업안전보건법제29조제4항,1
2022,산업안전보건법,산업안전보건법제29조제6항,2
2022,산업안전보건법,산업안전보건법제30조,5
2022,산업안전보건법,산업안전보건법제30조의2,7
2022,산업안전보건법,산업안전보건법제30조의2제1항,13
2022,산업안전보건법,산업안전보건법제30조제1항,10
2022,산업안전보건법,산업안전보건법제30조제3항,40
2022,산업안전보건법,산업안전보건법제30조제4항,9
2022,산업안전보건법,산업안전보건법제31조,12
2022,산업안전보건법,산업안전보건법제31조의2,1
2022,산업안전보건법,산업안전보건법제31조의2제1항,16
2022,산업안전보건법,산업안전보건법제31조제1항,140
2022,산업안전보건법,산업안전보건법제31조제2항,23
2022,산업안전보건법,산업안전보건법제31조제3항,51
2022,산업안전보건법,산업안전보건법제32조,3
2022,산업안전보건법,산업안전보건법제32조제1항,194
2022,산업안전보건법,산업안전보건법제34조,325
2022,산업안전보건법,산업안전보건법제34조의2제1항,1
2022,산업안전보건법,산업안전보건법제36조,2
2022,산업안전보건법,산업안전보건법제36조제1항,26
2022,산업안전보건법,산업안전보건법제36조제4항,14
2022,산업안전보건법,산업안전보건법제37조,41
2022,산업안전보건법,산업안전보건법제37조제1항,612
2022,산업안전보건법,산업안전보건법제38조의2제1항,1
2022,산업안전보건법,산업안전보건법제38조의2제2항,6
2022,산업안전보건법,산업안전보건법제38조의4제3항,1
2022,산업안전보건법,산업안전보건법제38조의5제1항,2
2022,산업안전보건법,산업안전보건법제40조,520
2022,산업안전보건법,산업안전보건법제41조,3
2022,산업안전보건법,산업안전보건법제41조제2항,3
2022,산업안전보건법,산업안전보건법제41조제3항,25
2022,산업안전보건법,산업안전보건법제41조제4항,2
2022,산업안전보건법,산업안전보건법제41조제5항,6
2022,산업안전보건법,산업안전보건법제41조제7항,27
2022,산업안전보건법,산업안전보건법제42조,13
2022,산업안전보건법,산업안전보건법제42조제1항,247
2022,산업안전보건법,산업안전보건법제42조제2항,1
2022,산업안전보건법,산업안전보건법제42조제4항,1
2022,산업안전보건법,산업안전보건법제42조제5항,4
2022,산업안전보건법,산업안전보건법제42조제6항,212
2022,산업안전보건법,산업안전보건법제43조,5
2022,산업안전보건법,산업안전보건법제43조제1항,107
2022,산업안전보건법,산업안전보건법제43조제3항,11
2022,산업안전보건법,산업안전보건법제44조,2
2022,산업안전보건법,산업안전보건법제44조제1항,19
2022,산업안전보건법,산업안전보건법제44조제2항,1
2022,산업안전보건법,산업안전보건법제46조,9
2022,산업안전보건법,산업안전보건법제46조제1항,945
2022,산업안전보건법,산업안전보건법제46조제3항,11
2022,산업안전보건법,산업안전보건법제48조,1
2022,산업안전보건법,산업안전보건법제48조제1항,21
2022,산업안전보건법,산업안전보건법제48조제2항,7
2022,산업안전보건법,산업안전보건법제48조제3항,8
2022,산업안전보건법,산업안전보건법제49조의2제1항,2
2022,산업안전보건법,산업안전보건법제49조제1항,1
2022,산업안전보건법,산업안전보건법제49조제2항,1
2022,산업안전보건법,산업안전보건법제53조제1항,2
2022,산업안전보건법,산업안전보건법제53조제2항,2
2022,산업안전보건법,산업안전보건법제54조,2
2022,산업안전보건법,산업안전보건법제54조제2항,51
2022,산업안전보건법,산업안전보건법제57조,22
2022,산업안전보건법,산업안전보건법제57조제1항,10
2022,산업안전보건법,산업안전보건법제57조제2항,3
2022,산업안전보건법,산업안전보건법제57조제3항,727
2022,산업안전보건법,산업안전보건법제59조제1항,9
2022,산업안전보건법,산업안전보건법제62조,5
2022,산업안전보건법,산업안전보건법제62조제1항,47
2022,산업안전보건법,산업안전보건법제63조,1
2022,산업안전보건법,산업안전보건법제64조제1항,11
2022,산업안전보건법,산업안전보건법제64조제6항,1
2022,산업안전보건법,산업안전보건법제66조제1항,1
2022,산업안전보건법,산업안전보건법제67조제1항,28
2022,산업안전보건법,산업안전보건법제67조제2항,1
2022,산업안전보건법,산업안전보건법제68조,1
2022,산업안전보건법,산업안전보건법제68조제1항,29
2022,산업안전보건법,산업안전보건법제6조,1
2022,산업안전보건법,산업안전보건법제72조,18
2022,산업안전보건법,산업안전보건법제72조제1항,112
2022,산업안전보건법,산업안전보건법제72조제2항,4
2022,산업안전보건법,산업안전보건법제72조제3항,153
2022,산업안전보건법,산업안전보건법제72조제5항,556
2022,산업안전보건법,산업안전보건법제73조,5
2022,산업안전보건법,산업안전보건법제73조제1항,163
2022,산업안전보건법,산업안전보건법제73조제1항<2022.08.18>,5
2022,산업안전보건법,산업안전보건법제73조제2항,7
2022,산업안전보건법,산업안전보건법제73조제2항(2022.08.18),2
2022,산업안전보건법,산업안전보건법제74조제1항,2
2022,산업안전보건법,산업안전보건법제74조제4항,3
2022,산업안전보건법,산업안전보건법제75조,10
2022,산업안전보건법,산업안전보건법제75조제1항,56
2022,산업안전보건법,산업안전보건법제75조제4항,11
2022,산업안전보건법,산업안전보건법제75조제5항,2
2022,산업안전보건법,산업안전보건법제75조제6항,43
2022,산업안전보건법,산업안전보건법제76조,1
2022,산업안전보건법,산업안전보건법제77조,10
2022,산업안전보건법,산업안전보건법제77조제1항,40
2022,산업안전보건법,산업안전보건법제77조제2항,250
2022,산업안전보건법,산업안전보건법제77조제3항,1
2022,산업안전보건법,산업안전보건법제78조,4
2022,산업안전보건법,산업안전보건법제84조제6항,1
2022,산업안전보건법,산업안전보건법제85조제1항,10
2022,산업안전보건법,산업안전보건법제90조,1
2022,산업안전보건법,산업안전보건법제90조제1항,8
2022,산업안전보건법,산업안전보건법제93조,10
2022,산업안전보건법,산업안전보건법제93조제1항,280
2022,산업안전보건법,산업안전보건법제93조제3항,1
2022,산업안전보건법,산업안전보건법제94조,4
2022,산업안전보건법,산업안전보건법제94조제1항,3
2022,산업안전보건법,산업안전보건법제94조제2항,149
2022,산업안전보건법,산업안전보건법제95조,146
2022,산업재해보상보험법,산업재해보상보험법제129조,1
2022,산업재해보상보험법,산업재해보상보험법제129조제2항5호,1
2022,외국인고용법,외국인고용법[32조1항2호]사용자교육미수료(사),1
2022,외국인고용법,외국인고용법[32조1항3호]특례고용가능확인서없이특례외국인고용(사),244
2022,외국인고용법,외국인고용법[32조1항4호]구직자명부에없는특례외국인채용(사),5
2022,외국인고용법,외국인고용법[32조1항4호]근로개시신고불이행이나거짓신고(사),23
2022,외국인고용법,외국인고용법[32조1항5호]출국만기보험료3회이상연체(사),147
2022,외국인고용법,외국인고용법[32조1항6호]귀국비용보험미가입(근),2
2022,외국인고용법,외국인고용법[32조1항7호]고용변동신고불이행이나거짓신고(사),106
2022,외국인고용법,외국인고용법[32조1항8호]고용제한이되었으나특례외국인고용(사),265
2022,외국인고용법,"외국인고용법[32조1항9호]관련서류미제출및거짓제출(사,근,단)",2
2022,외국인고용법,"외국인고용법[32조1항9호]미보고및거짓보고(사,근,단)",1
2022,외국인고용법,외국인고용법제32조8호제32조제1항8호,1
2022,외국인고용법,외국인근로자고용등에관한법률,1
2022,외국인고용법,외국인근로자고용등에관한법률제20조제1항1호,1
2022,장애인고용촉진및직업재활법,장애인고용촉진및직업재활법제33조제5항,1
2022,장애인고용촉진및직업재활법,장애인고용촉진및직업재활법제5조의2,6
2022,장애인고용촉진및직업재활법,장애인고용촉진및직업재활법제5조의2제1항,14
2022,장애인고용촉진및직업재활법,장애인고용촉진및직업재활법제5조의2제3항,1
2022,장애인고용촉진및직업재활법,장애인고용촉진및직업재활법제5조의3제2항,2
2022,장애인고용촉진및직업재활법,장애인고용촉진및직업재활법제75조제2항,1
2022,장애인고용촉진및직업재활법,장애인고용촉진및직업재활법제86조제2항,1
2022,직업안정법,"직업안정법제30조및같은법시행령제31조,제38조",4
2022,직업안정법,직업안정법제30조제1항및같은법시행령제31조제1항,1
2022,직업안정법,직업안정법제35조,2
2022,직업안정법,"직업안정법제39조및같은법시행규칙제26조,같은법시행령제38조",1
2022,채용절차의공정화에관한법률,채용절차의공정화에관한법률(채용절차법)제4조의3,1
2022,채용절차의공정화에관한법률,채용절차의공정화에관한법률제11조,1
2022,채용절차의공정화에관한법률,채용절차의공정화에관한법률제11조제6항,27
2022,채용절차의공정화에관한법률,채용절차의공정화에관한법률제17조제2항1호,1
2022,채용절차의공정화에관한법률,채용절차의공정화에관한법률제17조제2항3호,1
2022,채용절차의공정화에관한법률,채용절차의공정화에관한법률제4조,4
2022,채용절차의공정화에관한법률,채용절차의공정화에관한법률제4조의2,3
2022,채용절차의공정화에관한법률,채용절차의공정화에관한법률제4조의3,57
2022,채용절차의공정화에관한법률,"채용절차의공정화에관한법률제4조의31,2호",1
2022,채용절차의공정화에관한법률,채용절차의공정화에관한법률제4조의32호,2
2022,채용절차의공정화에관한법률,채용절차의공정화에관한법률제4조의33호,2
2022,채용절차의공정화에관한법률,채용절차의공정화에관한법률제4조의3의3호,1
2022,채용절차의공정화에관한법률,채용절차의공정화에관한법률제4조의3제3호,2
2022,채용절차의공정화에관한법률,채용절차의공정화에관한법률제4조제2항,5
2022,채용절차의공정화에관한법률,채용절차의공정화에관한법률제4조제3항,5
2022,최저임금법,최저임금법제11조,4
2022,파견근로자보호법,파견근로자보호등에관한법률제18조,13
2022,파견근로자보호법,파견근로자보호등에관한법률제29조,1
2022,파견근로자보호법,파견근로자보호등에관한법률제6조의2제1항,3
2023,건설근로자의고용개선등에관한법률,건설근로자의고용개선등에관한법률,5
2023,건설근로자의고용개선등에관한법률,건설근로자의고용개선등에관한법률제10조의4제1항,10
2023,건설근로자의고용개선등에관한법률,건설근로자의고용개선등에관한법률제13조,92
2023,건설근로자의고용개선등에관한법률,건설근로자의고용개선등에관한법률제13조제1항,2506
2023,건설근로자의고용개선등에관한법률,건설근로자의고용개선등에관한법률제7조의3제1항,1
2023,고용보험및산업재해보상보험의보험료징수등에관한법률,1.고용보험및산업재해보상보험의보험료징수등에관한법률제16조의10 2.고용보험법제15조,1
2023,고용보험법,고용보험법,3
2023,고용보험법,고용보험법15조,172077
2023,고용보험법,고용보험법15조및16조,14
2023,고용보험법,고용보험법16조,84
2023,고용보험법,고용보험법42조,187
2023,고용보험법,고용보험법43조,142
2023,고용보험법,고용보험법43조제43조제4항,1
2023,고용보험법,고용보험법제108조,1
2023,고용보험법,고용보험법제108조의1,1
2023,고용보험법,고용보험법제108조제1항고용보험법제118조제1항제4호고용보험법시행령제146조[별표3],3
2023,고용보험법,"고용보험법제108조제1항,제118조제1항제4호",1
2023,고용보험법,고용보험법제108조제2항1호,1
2023,고용보험법,고용보험법제108조제3항,3
2023,고용보험법,고용보험법제109조제1항,2
2023,고용보험법,고용보험법제118조제1항6호,2
2023,고용보험법,고용보험법제118조제2항1호,2
2023,고용보험법,고용보험법제118조제2항2호,1
2023,고용보험법,고용보험법제15조,3
2023,고용보험법,고용보험법제16조,1
2023,고용보험법,고용보험법제43조의4,1
2023,공인노무사법,공인노무사법제5조의2제2항,6
2023,공인노무사법,공인노무사법제5조제2항공인노무사법제30조제1항제1호,1
2023,국민평생직업능력개발법,국민평생직업능력개발법제19조9호,1
2023,국민평생직업능력개발법,국민평생직업능력개발법제58조,1
2023,국민평생직업능력개발법,국민평생직업능력개발법제63조7호,1
2023,국민평생직업능력개발법,국민평생직업능력개발법제63조제1항제3호,3
2023,국민평생직업능력개발법,국민평생직업능력개발법제63조제1항제4호,1
2023,국민평생직업능력개발법,국민평생직업능력개발법제63조제1항제5호,3
2023,국민평생직업능력개발법,국민평생직업능력개발법제63조제1항제6호,2
2023,국민평생직업능력개발법,국민평생직업능력개발법제63조제1항제7호,1
2023,근로기준법,근로기준법제102조,2
2023,근로기준법,근로기준법제102조제1항,11
2023,근로기준법,근로기준법제13조,150
2023,근로기준법,근로기준법제14조,1
2023,근로기준법,근로기준법제14조제1항,15
2023,근로기준법,근로기준법제14조제2항,1
2023,근로기준법,근로기준법제36조,1
2023,근로기준법,근로기준법제39조,2
2023,근로기준법,근로기준법제39조제1항,13
2023,근로기준법,근로기준법제41조,2
2023,근로기준법,근로기준법제41조제1항,14
2023,근로기준법,근로기준법제41조제2항,1
2023,근로기준법,근로기준법제42조,60
2023,근로기준법,근로기준법제48조,12
2023,근로기준법,근로기준법제48조제1항,10
2023,근로기준법,근로기준법제48조제2항,85
2023,근로기준법,근로기준법제66조,40
2023,근로기준법,근로기준법제76조의2,230
2023,근로기준법,근로기준법제76조의3제2항,23
2023,근로기준법,근로기준법제76조의3제2항및제5항,1
2023,근로기준법,근로기준법제76조의3제4항,2
2023,근로기준법,근로기준법제76조의3제5항,16
2023,근로기준법,근로기준법제76조의3제7항,8
2023,근로기준법,근로기준법제93조,34
2023,근로복지기본법,근로복지기본법제93조제2항,2
2023,근로자직업능력개발법,근로자직업능력개발법,1
2023,근로자직업능력개발법,근로자직업능력개발법제30조,1
2023,근로자직업능력개발법,"근로자직업능력개발법제58조및제63조,같은법시행규칙제28조,시행령제53조의「별표5」2.개별기준바.",1
2023,근로자직업능력개발법,근로자직업능력개발법제63조제1항2호,1
2023,근로자직업능력개발법,근로자직업능력개발법제63조제1항3호,1
2023,근로자직업능력개발법,근로자직업능력개발법제63조제1항7호,1
2023,근로자참여및협력증진에관한법률,근로자참여및협력증진에관한법률제18조제1항,1
2023,근로자퇴직급여보장법,근로자퇴직급여보장법제32조제2항,7
2023,근로자퇴직급여보장법,근로자퇴직급여보장법제32조제3항제2호,1
2023,기간제및단시간근로자보호에관한법,기간제및단시간근로자보호등에관한법률제17조,355
2023,남녀고용평등법,남녀고용평등과일ㆍ가정양립지원에관한법률제12조,94
2023,남녀고용평등법,남녀고용평등과일ㆍ가정양립지원에관한법률제13조,3
2023,남녀고용평등법,남녀고용평등과일ㆍ가정양립지원에관한법률제13조제1항,160
2023,남녀고용평등법,남녀고용평등과일ㆍ가정양립지원에관한법률제13조제3항,11
2023,남녀고용평등법,남녀고용평등과일ㆍ가정양립지원에관한법률제14조의2제1항,2
2023,남녀고용평등법,남녀고용평등과일ㆍ가정양립지원에관한법률제14조의2제2항,1
2023,남녀고용평등법,남녀고용평등과일ㆍ가정양립지원에관한법률제14조제2항,26
2023,남녀고용평등법,남녀고용평등과일ㆍ가정양립지원에관한법률제14조제4항,2
2023,남녀고용평등법,남녀고용평등과일ㆍ가정양립지원에관한법률제14조제5항,16
2023,남녀고용평등법,남녀고용평등과일ㆍ가정양립지원에관한법률제14조제7항,3
2023,남녀고용평등법,남녀고용평등과일ㆍ가정양립지원에관한법률제18조의2제1항,34
2023,남녀고용평등법,남녀고용평등과일ㆍ가정양립지원에관한법률제19조의2제1항,2
2023,남녀고용평등법,남녀고용평등과일ㆍ가정양립지원에관한법률제19조의3제2항,1
2023,남녀고용평등법,남녀고용평등과일ㆍ가정양립지원에관한법률제22조의2제1항,3
2023,남녀고용평등법,남녀고용평등과일가정양립지원에관한법률제12조,8
2023,남녀고용평등법,남녀고용평등과일가정양립지원에관한법률제13조제1항,6
2023,남녀고용평등법,남녀고용평등과일가정양립지원에관한법률제14조제1항,1
2023,남녀고용평등법,남녀고용평등법제12조,1
2023,노동조합및노동관계조정법,노동조합및노동관계조정법제14조,8
2023,노동조합및노동관계조정법,노동조합및노동관계조정법제14조(서류비치등)제1항및제2항,1
2023,노동조합및노동관계조정법,노동조합및노동관계조정법제14조제1항,1
2023,노동조합및노동관계조정법,노동조합및노동관계조정법제27조,44
2023,노동조합및노동관계조정법,노동조합및노동관계조정법제31조제2항,4
2023,노동조합및노동관계조정법,노동조합및노동관계조정법제96조제1항1호및같은법제14조제2항,1
2023,사회적기업육성법,사회적기업육성법,1
2023,사회적기업육성법,사회적기업육성법제17조,5
2023,사회적기업육성법,사회적기업육성법제17조의1,2
2023,사회적기업육성법,"사회적기업육성법제17조의제1항,제23조제2항및시행령제14조",1
2023,사회적기업육성법,사회적기업육성법제17조제1항,38
2023,사회적기업육성법,사회적기업육성법제17조제4항,10
2023,사회적기업육성법,사회적기업육성법제17조제4항사회적기업육성법제23조제1항제1호,2
2023,사회적기업육성법,사회적기업육성법제17조조제2항,1
2023,사회적기업육성법,사회적기업육성법제19조,2
2023,사회적기업육성법,사회적기업육성법제23조,14
2023,사회적기업육성법,사회적기업육성법제23조제1항1호,2
2023,사회적기업육성법,사회적기업육성법제23조제2항1호,4
2023,사회적기업육성법,사회적기업육성법제23조제2항2호,2
2023,사회적기업육성법,사회적기업육성법제8조제1항4호,2
2023,사회적기업육성법,사회적기업육성법제9조,26
2023,사회적기업육성법,사회적기업육성법제9조의2,21
2023,사회적기업육성법,사회적기업육성법제9조제2항,40
2023,사회적기업육성법,사회적기업육성법제9조제2항1호,1
2023,산업안전보건법,산업안전보건기준에관한규칙제13조,1
2023,산업안전보건법,산업안전보건기준에관한규칙제32조제1항,2
2023,산업안전보건법,산업안전보건기준에관한규칙제32조제2항,13
2023,산업안전보건법,산업안전보건기준에관한규칙제35조제1항,2
2023,산업안전보건법,산업안전보건기준에관한규칙제35조제2항,5
2023,산업안전보건법,산업안전보건기준에관한규칙제37조제1항,1
2023,산업안전보건법,산업안전보건기준에관한규칙제439조,6
2023,산업안전보건법,산업안전보건기준에관한규칙제440조,1
2023,산업안전보건법,산업안전보건기준에관한규칙제489조,1
2023,산업안전보건법,산업안전보건기준에관한규칙제490조,1
2023,산업안전보건법,산업안전보건기준에관한규칙제622조제1항,1
2023,산업안전보건법,산업안전보건기준에관한규칙제6조제3항,1
2023,산업안전보건법,산업안전보건법,2
2023,산업안전보건법,산업안전보건법제107조,1
2023,산업안전보건법,산업안전보건법제107조제1항,16
2023,산업안전보건법,산업안전보건법제10조,10
2023,산업안전보건법,산업안전보건법제10조의2,5
2023,산업안전보건법,산업안전보건법제10조제1항,3
2023,산업안전보건법,산업안전보건법제10조제2항,169
2023,산업안전보건법,산업안전보건법제110조,2
2023,산업안전보건법,산업안전보건법제110조제1항,9
2023,산업안전보건법,산업안전보건법제111조제1항,15
2023,산업안전보건법,산업안전보건법제111조제2항,1
2023,산업안전보건법,산업안전보건법제111조제3항,1
2023,산업안전보건법,산업안전보건법제112조제1항,1
2023,산업안전보건법,산업안전보건법제114조,37
2023,산업안전보건법,산업안전보건법제114조제1항,916
2023,산업안전보건법,산업안전보건법제114조제2항,6
2023,산업안전보건법,산업안전보건법제114조제3항,687
2023,산업안전보건법,산업안전보건법제115조,22
2023,산업안전보건법,산업안전보건법제115조제1항,99
2023,산업안전보건법,산업안전보건법제115조제2항,492
2023,산업안전보건법,산업안전보건법제116조,1
2023,산업안전보건법,산업안전보건법제119조,2
2023,산업안전보건법,산업안전보건법제119조제1항,14
2023,산업안전보건법,산업안전보건법제119조제2항,73
2023,산업안전보건법,산업안전보건법제11조제1항,2
2023,산업안전보건법,산업안전보건법제122조제3항,18
2023,산업안전보건법,산업안전보건법제124조제1항,18
2023,산업안전보건법,산업안전보건법제125조,17
2023,산업안전보건법,산업안전보건법제125조제1항,290
2023,산업안전보건법,산업안전보건법제125조제2항,50
2023,산업안전보건법,산업안전보건법제125조제3항,2
2023,산업안전보건법,산업안전보건법제125조제4항,1
2023,산업안전보건법,산업안전보건법제125조제6항,35
2023,산업안전보건법,산업안전보건법제126조제5항,3
2023,산업안전보건법,산업안전보건법제128조의2,20
2023,산업안전보건법,산업안전보건법제128조의2제1항,4
2023,산업안전보건법,산업안전보건법제128조의2제2항,261
2023,산업안전보건법,산업안전보건법제128조제2항,2
2023,산업안전보건법,산업안전보건법제129조,6
2023,산업안전보건법,산업안전보건법제129조제1항,109
2023,산업안전보건법,산업안전보건법제129조제2항,2
2023,산업안전보건법,산업안전보건법제129조제3항,1
2023,산업안전보건법,산업안전보건법제12조,11
2023,산업안전보건법,산업안전보건법제130조,27
2023,산업안전보건법,산업안전보건법제130조제1항,500
2023,산업안전보건법,산업안전보건법제130조제2항,717
2023,산업안전보건법,산업안전보건법제130조제3항,4
2023,산업안전보건법,산업안전보건법제131조제1항,1
2023,산업안전보건법,산업안전보건법제132조제5항,26
2023,산업안전보건법,산업안전보건법제133조,9
2023,산업안전보건법,산업안전보건법제134조제1항,6
2023,산업안전보건법,산업안전보건법제135조제6항,1
2023,산업안전보건법,산업안전보건법제13조제1항,24
2023,산업안전보건법,산업안전보건법제140조제1항,1
2023,산업안전보건법,산업안전보건법제14조,3
2023,산업안전보건법,산업안전보건법제14조제1항,23
2023,산업안전보건법,산업안전보건법제155조제1항,1
2023,산업안전보건법,산업안전보건법제15조,14
2023,산업안전보건법,산업안전보건법제15조의2제1항,1
2023,산업안전보건법,산업안전보건법제15조제1항,238
2023,산업안전보건법,산업안전보건법제15조제2항,3
2023,산업안전보건법,산업안전보건법제15조제3항,1
2023,산업안전보건법,산업안전보건법제160조제1항,5
2023,산업안전보건법,산업안전보건법제164조,6
2023,산업안전보건법,산업안전보건법제164조제1항,93
2023,산업안전보건법,산업안전보건법제164조제3항,1
2023,산업안전보건법,산업안전보건법제164조제6항,7
2023,산업안전보건법,산업안전보건법제16조,20
2023,산업안전보건법,산업안전보건법제16조의3제1항,1
2023,산업안전보건법,산업안전보건법제16조제1항,384
2023,산업안전보건법,산업안전보건법제175조제3항,1
2023,산업안전보건법,산업안전보건법제175조제4항,1
2023,산업안전보건법,산업안전보건법제17조,19
2023,산업안전보건법,산업안전보건법제17조제1항,262
2023,산업안전보건법,산업안전보건법제17조제2항,3
2023,산업안전보건법,산업안전보건법제17조제3항,7
2023,산업안전보건법,산업안전보건법제17조제3항<신설2021.5.18.>,5
2023,산업안전보건법,산업안전보건법제18조,4
2023,산업안전보건법,산업안전보건법제18조제1항,51
2023,산업안전보건법,산업안전보건법제18조제3항,3
2023,산업안전보건법,산업안전보건법제19조,1
2023,산업안전보건법,산업안전보건법제19조제1항,37
2023,산업안전보건법,산업안전보건법제20조제1항,8
2023,산업안전보건법,산업안전보건법제21조제1항,1
2023,산업안전보건법,산업안전보건법제21조제4항,6
2023,산업안전보건법,산업안전보건법제23조제3항(산업안전보건기준에관한규칙제32조제2항),15
2023,산업안전보건법,산업안전보건법제24조,5
2023,산업안전보건법,산업안전보건법제24조제1항,154
2023,산업안전보건법,산업안전보건법제24조제2항,3
2023,산업안전보건법,산업안전보건법제24조제3항,9
2023,산업안전보건법,산업안전보건법제24조제4항,35
2023,산업안전보건법,산업안전보건법제25조,81
2023,산업안전보건법,산업안전보건법제25조제1항,22
2023,산업안전보건법,산업안전보건법제26조,141
2023,산업안전보건법,산업안전보건법제29조,42
2023,산업안전보건법,산업안전보건법제29조제1항,533
2023,산업안전보건법,산업안전보건법제29조제2항,247
2023,산업안전보건법,산업안전보건법제29조제3항,1761
2023,산업안전보건법,산업안전보건법제29조제4항,2
2023,산업안전보건법,산업안전보건법제30조3항,1
2023,산업안전보건법,산업안전보건법제30조의2제1항,22
2023,산업안전보건법,산업안전보건법제30조제1항,11
2023,산업안전보건법,산업안전보건법제30조제3항,37
2023,산업안전보건법,산업안전보건법제30조제4항,7
2023,산업안전보건법,산업안전보건법제31조,5
2023,산업안전보건법,산업안전보건법제31조의2제1항,15
2023,산업안전보건법,산업안전보건법제31조제1항,121
2023,산업안전보건법,산업안전보건법제31조제2항,14
2023,산업안전보건법,산업안전보건법제31조제3항,63
2023,산업안전보건법,산업안전보건법제32조,12
2023,산업안전보건법,산업안전보건법제32조제1항,256
2023,산업안전보건법,산업안전보건법제32조제2항,1
2023,산업안전보건법,산업안전보건법제34조,206
2023,산업안전보건법,산업안전보건법제35조,1
2023,산업안전보건법,산업안전보건법제36조,1
2023,산업안전보건법,산업안전보건법제36조제1항,31
2023,산업안전보건법,산업안전보건법제36조제3항,3
2023,산업안전보건법,산업안전보건법제36조제4항,17
2023,산업안전보건법,산업안전보건법제37조,44
2023,산업안전보건법,산업안전보건법제37조제1항,470
2023,산업안전보건법,산업안전보건법제38조의2제1항,13
2023,산업안전보건법,산업안전보건법제38조의2제2항,27
2023,산업안전보건법,산업안전보건법제38조의4제3항,1
2023,산업안전보건법,산업안전보건법제38조의5제1항,3
2023,산업안전보건법,산업안전보건법제39조의2제1항,2
2023,산업안전보건법,산업안전보건법제40조,364
2023,산업안전보건법,산업안전보건법제41조제1항,3
2023,산업안전보건법,산업안전보건법제41조제2항,4
2023,산업안전보건법,산업안전보건법제41조제3항,25
2023,산업안전보건법,산업안전보건법제41조제4항,4
2023,산업안전보건법,산업안전보건법제41조제5항,3
2023,산업안전보건법,산업안전보건법제41조제7항,31
2023,산업안전보건법,산업안전보건법제42조,12
2023,산업안전보건법,산업안전보건법제42조제1항,262
2023,산업안전보건법,산업안전보건법제42조제4항,1
2023,산업안전보건법,산업안전보건법제42조제5항,1
2023,산업안전보건법,산업안전보건법제42조제6항,233
2023,산업안전보건법,산업안전보건법제43조,2
2023,산업안전보건법,산업안전보건법제43조제1항,89
2023,산업안전보건법,산업안전보건법제43조제2항,2
2023,산업안전보건법,산업안전보건법제43조제3항,6
2023,산업안전보건법,산업안전보건법제44조,1
2023,산업안전보건법,산업안전보건법제44조제1항,20
2023,산업안전보건법,산업안전보건법제46조,9
2023,산업안전보건법,산업안전보건법제46조제1항,471
2023,산업안전보건법,산업안전보건법제46조제2항,2
2023,산업안전보건법,산업안전보건법제46조제3항,4
2023,산업안전보건법,산업안전보건법제47조제1항,1
2023,산업안전보건법,산업안전보건법제48조,1
2023,산업안전보건법,산업안전보건법제48조제1항,26
2023,산업안전보건법,산업안전보건법제48조제2항,5
2023,산업안전보건법,산업안전보건법제48조제3항,16
2023,산업안전보건법,산업안전보건법제49조의2제7항,4
2023,산업안전보건법,산업안전보건법제49조제1항,1
2023,산업안전보건법,산업안전보건법제49조제2항,3
2023,산업안전보건법,산업안전보건법제50조제1항,1
2023,산업안전보건법,산업안전보건법제50조제3항,1
2023,산업안전보건법,산업안전보건법제51조제2항,1
2023,산업안전보건법,산업안전보건법제51조제6항,1
2023,산업안전보건법,산업안전보건법제53조제1항,4
2023,산업안전보건법,산업안전보건법제53조제2항,1
2023,산업안전보건법,산업안전보건법제54조,1
2023,산업안전보건법,산업안전보건법제54조제1항,1
2023,산업안전보건법,산업안전보건법제54조제2항,88
2023,산업안전보건법,산업안전보건법제57조,6
2023,산업안전보건법,산업안전보건법제57조제1항,5
2023,산업안전보건법,산업안전보건법제57조제2항,2
2023,산업안전보건법,산업안전보건법제57조제3항,641
2023,산업안전보건법,산업안전보건법제59조제1항,1
2023,산업안전보건법,산업안전보건법제62조,3
2023,산업안전보건법,산업안전보건법제62조제1항,32
2023,산업안전보건법,산업안전보건법제64조제1항,10
2023,산업안전보건법,산업안전보건법제66조제1항,3
2023,산업안전보건법,산업안전보건법제67조,1
2023,산업안전보건법,산업안전보건법제67조제1항,24
2023,산업안전보건법,산업안전보건법제67조제2항,2
2023,산업안전보건법,산업안전보건법제68조,2
2023,산업안전보건법,산업안전보건법제68조제1항,33
2023,산업안전보건법,산업안전보건법제72조,7
2023,산업안전보건법,산업안전보건법제72조제1항,81
2023,산업안전보건법,산업안전보건법제72조제2항,2
2023,산업안전보건법,산업안전보건법제72조제3항,148
2023,산업안전보건법,산업안전보건법제72조제4항,1
2023,산업안전보건법,산업안전보건법제72조제5항,361
2023,산업안전보건법,산업안전보건법제73조,2
2023,산업안전보건법,산업안전보건법제73조제1항,111
2023,산업안전보건법,산업안전보건법제73조제1항<2022.08.18>,65
2023,산업안전보건법,산업안전보건법제73조제2항,8
2023,산업안전보건법,산업안전보건법제73조제2항(2022.08.18),19
2023,산업안전보건법,산업안전보건법제74조제4항,3
2023,산업안전보건법,산업안전보건법제75조,5
2023,산업안전보건법,산업안전보건법제75조제1항,30
2023,산업안전보건법,산업안전보건법제75조제4항,9
2023,산업안전보건법,산업안전보건법제75조제6항,39
2023,산업안전보건법,산업안전보건법제77조,4
2023,산업안전보건법,산업안전보건법제77조제1항,21
2023,산업안전보건법,산업안전보건법제77조제2항,208
2023,산업안전보건법,산업안전보건법제78조,1
2023,산업안전보건법,산업안전보건법제85조,1
2023,산업안전보건법,산업안전보건법제85조제1항,12
2023,산업안전보건법,산업안전보건법제90조제1항,3
2023,산업안전보건법,산업안전보건법제93조,9
2023,산업안전보건법,산업안전보건법제93조제1항,160
2023,산업안전보건법,산업안전보건법제93조제3항,1
2023,산업안전보건법,산업안전보건법제94조,3
2023,산업안전보건법,산업안전보건법제94조제1항,1
2023,산업안전보건법,산업안전보건법제94조제2항,47
2023,산업안전보건법,산업안전보건법제95조,58
2023,산업현장일학습병행지원에관한법률,산업현장일학습병행지원에관한법률제35조,1
2023,외국인고용법,[외국인근로자고용등에관한법률제32조제1항5호]출국만기보험료3회이상연체,3
2023,외국인고용법,외국인고용법[32조1항2호]사용자교육미수료(사),1
2023,외국인고용법,외국인고용법[32조1항3호]특례고용가능확인서없이특례외국인고용(사),162
2023,외국인고용법,외국인고용법[32조1항4호]구직자명부에없는특례외국인채용(사),11
2023,외국인고용법,외국인고용법[32조1항4호]근로개시신고불이행이나거짓신고(사),10
2023,외국인고용법,외국인고용법[32조1항5호]출국만기보험료3회이상연체(사),116
2023,외국인고용법,외국인고용법[32조1항6호]귀국비용보험미가입(근),3
2023,외국인고용법,외국인고용법[32조1항7호]고용변동신고불이행이나거짓신고(사),55
2023,외국인고용법,외국인고용법[32조1항8호]고용제한이되었으나특례외국인고용(사),51
2023,외국인고용법,"외국인고용법[32조1항9호]미보고및거짓보고(사,근,단)",2
2023,외국인고용법,외국인고용법제32조3호제32조제1항3호,1
2023,외국인고용법,외국인고용법제32조5호제32조제1항5호,1
2023,외국인고용법,외국인근로자고용등에관한법률,2
2023,외국인고용법,외국인근로자고용등에관한법률제32조제1항제5호,1
2023,장애인고용촉진및직업재활법,장애인고용촉진및직업재활법제28조제2항2호,1
2023,장애인고용촉진및직업재활법,"장애인고용촉진및직업재활법제29조,제86조및같은법시행령제83조",1
2023,장애인고용촉진및직업재활법,장애인고용촉진및직업재활법제29조제1항,1
2023,장애인고용촉진및직업재활법,장애인고용촉진및직업재활법제29조제1항및같은법시행령제27조(제86조제1항제3호및같은법시행령제83조),1
2023,장애인고용촉진및직업재활법,장애인고용촉진및직업재활법제5조의2,12
2023,장애인고용촉진및직업재활법,장애인고용촉진및직업재활법제5조의2제1항,13
2023,장애인고용촉진및직업재활법,장애인고용촉진및직업재활법제5조의2제3항,1
2023,장애인고용촉진및직업재활법,장애인고용촉진및직업재활법제5조의3제2항,3
2023,장애인고용촉진및직업재활법,장애인고용촉진및직업재활법제86조제1항3호,1
2023,장애인고용촉진및직업재활법,장애인고용촉진및직업재활법제86조제2항1호,6
2023,장애인고용촉진및직업재활법,장애인고용촉진및직업재활법제86조제2항2호,1
2023,장애인고용촉진및직업재활법,장애인고용촉진및직업재활법제86조제3항1호,1
2023,중대재해처벌등에관한법률,중대재해처벌등에관한법률제8조제1항,1
2023,직업교육훈련촉진법,직업교육훈련촉진법제27조제1항및동법시행령제23조제2항제1항[별표2],1
2023,직업안정법,직업안정법,1
2023,직업안정법,직업안정법제30조,2
2023,직업안정법,직업안정법제35조,2
2023,질서위반행위규제법,질서위반행위규제법(질서위반행위의조사)제22조,1
2023,질서위반행위규제법,질서위반행위규제법제22조,29
2023,질서위반행위규제법,질서위반행위규제법제22조(질서위반행위의조사)제2항,2
2023,질서위반행위규제법,질서위반행위규제법제22조의2,4
2023,질서위반행위규제법,질서위반행위규제법제22조제2항,3
2023,채용절차의공정화에관한법률,「채용절차의공정화에관한법률」제4조제3항(채용광고에서제시한근로조건의변경금지),1
2023,채용절차의공정화에관한법률,채용절차법제4조의3,8
2023,채용절차의공정화에관한법률,채용절차의공정화에관한법률,2
2023,채용절차의공정화에관한법률,채용절차의공정화에관한법률제11조,2
2023,채용절차의공정화에관한법률,채용절차의공정화에관한법률제11조제6항,15
2023,채용절차의공정화에관한법률,채용절차의공정화에관한법률제12조,1
2023,채용절차의공정화에관한법률,채용절차의공정화에관한법률제17조제2항3호,2
2023,채용절차의공정화에관한법률,채용절차의공정화에관한법률제4조3제2호,1
2023,채용절차의공정화에관한법률,채용절차의공정화에관한법률제4조의2,16
2023,채용절차의공정화에관한법률,채용절차의공정화에관한법률제4조의21호,2
2023,채용절차의공정화에관한법률,채용절차의공정화에관한법률제4조의3,102
2023,채용절차의공정화에관한법률,채용절차의공정화에관한법률제4조의3및제17조제2항제3호,1
2023,채용절차의공정화에관한법률,"채용절차의공정화에관한법률제4조의3,3호",1
2023,채용절차의공정화에관한법률,"채용절차의공정화에관한법률제4조의31,2,3호",1
2023,채용절차의공정화에관한법률,"채용절차의공정화에관한법률제4조의31,2호",1
2023,채용절차의공정화에관한법률,채용절차의공정화에관한법률제4조의31호,1
2023,채용절차의공정화에관한법률,채용절차의공정화에관한법률제4조의31호및제3호,1
2023,채용절차의공정화에관한법률,채용절차의공정화에관한법률제4조의32호,8
2023,채용절차의공정화에관한법률,채용절차의공정화에관한법률제4조의33호,2
2023,채용절차의공정화에관한법률,채용절차의공정화에관한법률제4조의3제2호,2
2023,채용절차의공정화에관한법률,채용절차의공정화에관한법률제4조의3제3항,1
2023,채용절차의공정화에관한법률,채용절차의공정화에관한법률제4조의3항제3호,1
2023,채용절차의공정화에관한법률,채용절차의공정화에관한법률제4조제2항,7
2023,채용절차의공정화에관한법률,채용절차의공정화에관한법률제4조제3항,15
2023,채용절차의공정화에관한법률,채용절차의공정화에관한법률제7조제3항,1
2023,최저임금법,최저임금법제11조,9
2023,파견근로자보호법,파견근로자보호등에관한법률제11조제1항,1
2023,파견근로자보호법,파견근로자보호등에관한법률제18조,3
2023,파견근로자보호법,파견근로자보호등에관한법률제29조,1
2023,파견근로자보호법,파견근로자보호등에관한법률제29조제1항,1
2023,파견근로자보호법,파견근로자보호등에관한법률제6조의2제1항,3
